hue,value,chroma,r,g,b
10RP,1,2,44,32,22
10RP,1,4,53,35,15
10RP,1,6,60,37,3
2.5R,1,2,45,30,22
2.5R,1,4,54,31,14
2.5R,1,6,62,32,0
5R,1,2,45,27,22
5R,1,4,55,27,14
7.5R,1,2,46,25,22
7.5R,1,4,56,23,14
10R,1,2,46,23,22
10R,1,4,56,18,14
2.5YR,1,2,45,20,23
2.5YR,1,4,56,10,15
2.5YR,1,6,65,2,3
5YR,1,2,44,16,24
7.5YR,1,2,43,13,25
10YR,1,2,41,10,26
2.5Y,1,2,38,7,27
5Y,1,2,36,7,28
7.5Y,1,2,33,9,29
10Y,1,2,30,12,30
2.5GY,1,2,27,15,30
5GY,1,2,25,18,31
7.5GY,1,2,22,21,31
7.5GY,1,4,6,2,35
10GY,1,2,20,23,31
2.5G,1,2,19,24,32
5G,1,2,17,25,32
7.5G,1,2,16,27,32
10G,1,2,15,28,32
2.5BG,1,2,14,30,32
5BG,1,2,12,32,32
7.5BG,1,2,11,34,32
10BG,1,2,10,36,32
2.5B,1,2,10,37,32
5B,1,2,10,39,31
7.5B,1,2,12,40,31
10B,1,2,15,42,30
2.5PB,1,2,18,42,30
5PB,1,2,22,43,29
5PB,1,4,11,54,29
7.5PB,1,2,27,43,27
7.5PB,1,4,24,54,26
7.5PB,1,6,22,65,23
7.5PB,1,8,23,75,19
7.5PB,1,10,25,84,14
7.5PB,1,12,28,92,5
10PB,1,2,31,43,26
10PB,1,4,33,53,23
10PB,1,6,35,62,20
10PB,1,8,37,70,15
10PB,1,10,41,79,6
2.5P,1,2,34,42,25
2.5P,1,4,38,51,21
2.5P,1,6,42,58,17
2.5P,1,8,46,66,9
5P,1,2,36,41,24
5P,1,4,41,49,20
5P,1,6,46,56,14
5P,1,8,51,63,4
7.5P,1,2,38,40,24
7.5P,1,4,44,47,19
7.5P,1,6,49,53,12
10P,1,2,39,39,23
10P,1,4,46,45,18
10P,1,6,51,51,11
2.5RP,1,2,41,38,23
2.5RP,1,4,48,43,17
2.5RP,1,6,54,49,9
5RP,1,2,42,36,22
5RP,1,4,50,40,16
5RP,1,6,56,45,7
7.5RP,1,2,43,34,22
7.5RP,1,4,51,38,15
7.5RP,1,6,59,41,4
10RP,2,2,65,50,44
10RP,2,4,76,51,37
10RP,2,6,85,52,30
10RP,2,8,95,54,16
2.5R,2,2,66,48,44
2.5R,2,4,77,47,37
2.5R,2,6,87,46,29
2.5R,2,8,98,46,14
5R,2,2,66,46,44
5R,2,4,78,43,37
5R,2,6,88,40,29
5R,2,8,99,38,14
7.5R,2,2,66,44,44
7.5R,2,4,78,39,37
7.5R,2,6,88,34,30
7.5R,2,8,99,29,16
10R,2,2,66,42,44
10R,2,4,78,34,38
10R,2,6,88,26,31
10R,2,8,98,18,19
2.5YR,2,2,65,39,45
2.5YR,2,4,77,29,39
2.5YR,2,6,87,17,33
5YR,2,2,64,37,45
5YR,2,4,75,23,41
5YR,2,6,84,1,36
7.5YR,2,2,63,35,46
7.5YR,2,4,72,18,43
10YR,2,2,61,33,47
10YR,2,4,69,13,45
2.5Y,2,2,58,32,48
2.5Y,2,4,65,7,46
5Y,2,2,56,32,49
5Y,2,4,62,2,48
7.5Y,2,2,54,32,50
7.5Y,2,4,58,0,50
10Y,2,2,51,34,50
10Y,2,4,53,4,51
2.5GY,2,2,48,36,51
2.5GY,2,4,47,12,53
5GY,2,2,46,38,52
5GY,2,4,41,19,54
7.5GY,2,2,43,40,52
7.5GY,2,4,34,26,55
7.5GY,2,6,21,7,57
10GY,2,2,41,42,52
10GY,2,4,28,32,56
10GY,2,6,3,22,58
2.5G,2,2,39,44,53
2.5G,2,4,21,38,56
5G,2,2,38,46,53
5G,2,4,17,41,56
7.5G,2,2,37,47,53
7.5G,2,4,13,44,56
10G,2,2,36,48,53
10G,2,4,7,47,57
2.5BG,2,2,35,50,53
2.5BG,2,4,0,51,56
5BG,2,2,34,52,53
7.5BG,2,2,34,54,53
10BG,2,2,33,56,53
2.5B,2,2,33,57,52
5B,2,2,34,59,52
7.5B,2,2,35,60,52
7.5B,2,4,4,72,54
10B,2,2,37,62,51
10B,2,4,15,74,53
2.5PB,2,2,40,63,50
2.5PB,2,4,25,75,51
5PB,2,2,43,63,49
5PB,2,4,34,76,50
5PB,2,6,17,89,50
7.5PB,2,2,47,64,48
7.5PB,2,4,44,76,47
7.5PB,2,6,41,88,45
7.5PB,2,8,38,100,43
7.5PB,2,10,36,112,40
7.5PB,2,12,37,122,36
7.5PB,2,14,38,132,30
7.5PB,2,16,41,141,22
7.5PB,2,18,44,151,8
10PB,2,2,51,63,47
10PB,2,4,52,75,45
10PB,2,6,54,85,42
10PB,2,8,56,96,38
10PB,2,10,58,106,33
10PB,2,12,61,115,27
10PB,2,14,65,124,18
2.5P,2,2,54,62,46
2.5P,2,4,57,72,43
2.5P,2,6,61,81,40
2.5P,2,8,66,91,34
2.5P,2,10,71,100,28
2.5P,2,12,76,108,18
5P,2,2,56,61,46
5P,2,4,62,70,42
5P,2,6,66,77,38
5P,2,8,73,87,31
5P,2,10,78,95,23
5P,2,12,84,103,9
7.5P,2,2,58,60,45
7.5P,2,4,65,67,41
7.5P,2,6,71,74,36
7.5P,2,8,78,83,28
7.5P,2,10,84,90,18
10P,2,2,60,58,45
10P,2,4,67,65,40
10P,2,6,74,71,35
10P,2,8,82,78,26
10P,2,10,89,85,13
2.5RP,2,2,62,56,44
2.5RP,2,4,70,61,39
2.5RP,2,6,78,66,33
2.5RP,2,8,87,72,22
2.5RP,2,10,95,77,3
5RP,2,2,64,54,44
5RP,2,4,73,57,38
5RP,2,6,81,61,32
5RP,2,8,91,66,20
7.5RP,2,2,64,52,44
7.5RP,2,4,74,54,38
7.5RP,2,6,83,57,31
7.5RP,2,8,93,60,18
10RP,3,2,91,70,66
10RP,3,4,104,69,59
10RP,3,6,116,67,51
10RP,3,8,128,67,40
10RP,3,10,139,66,23
2.5R,3,2,91,68,66
2.5R,3,4,106,64,59
2.5R,3,6,117,61,51
2.5R,3,8,130,58,40
2.5R,3,10,141,55,23
5R,3,2,92,66,66
5R,3,4,106,60,59
5R,3,6,118,54,52
5R,3,8,130,48,41
5R,3,10,141,43,25
7.5R,3,2,92,64,66
7.5R,3,4,106,55,60
7.5R,3,6,118,48,53
7.5R,3,8,129,39,43
7.5R,3,10,140,30,29
10R,3,2,91,62,67
10R,3,4,105,52,61
10R,3,6,117,41,54
10R,3,8,128,30,45
10R,3,10,137,17,34
2.5YR,3,2,91,59,67
2.5YR,3,4,103,47,62
2.5YR,3,6,114,32,56
2.5YR,3,8,123,14,50
5YR,3,2,89,57,68
5YR,3,4,101,42,64
5YR,3,6,110,25,59
7.5YR,3,2,88,55,69
7.5YR,3,4,98,38,66
7.5YR,3,6,105,17,63
10YR,3,2,85,54,70
10YR,3,4,94,35,68
10YR,3,6,100,8,65
2.5Y,3,2,82,52,71
2.5Y,3,4,90,31,70
5Y,3,2,80,52,72
5Y,3,4,85,30,71
7.5Y,3,2,77,52,73
7.5Y,3,4,81,29,73
10Y,3,2,74,53,74
10Y,3,4,76,29,74
2.5GY,3,2,71,54,74
2.5GY,3,4,70,32,76
5GY,3,2,69,56,75
5GY,3,4,64,37,77
5GY,3,6,59,11,79
7.5GY,3,2,65,60,76
7.5GY,3,4,56,44,79
7.5GY,3,6,45,27,81
10GY,3,2,62,63,76
10GY,3,4,49,51,80
10GY,3,6,32,38,83
2.5G,3,2,60,65,76
2.5G,3,4,41,58,80
2.5G,3,6,6,51,84
5G,3,2,58,67,77
5G,3,4,36,62,81
7.5G,3,2,57,69,77
7.5G,3,4,32,66,81
10G,3,2,56,71,77
10G,3,4,27,69,81
2.5BG,3,2,55,73,77
2.5BG,3,4,23,74,81
5BG,3,2,54,75,77
5BG,3,4,17,79,81
7.5BG,3,2,53,77,77
7.5BG,3,4,13,83,81
10BG,3,2,53,80,76
10BG,3,4,13,88,80
2.5B,3,2,53,82,76
2.5B,3,4,14,92,80
5B,3,2,54,83,76
5B,3,4,20,95,79
7.5B,3,2,55,85,75
7.5B,3,4,29,98,78
10B,3,2,58,86,75
10B,3,4,38,100,76
2.5PB,3,2,61,87,74
2.5PB,3,4,47,101,75
2.5PB,3,6,24,114,75
5PB,3,2,65,88,73
5PB,3,4,56,102,73
5PB,3,6,42,115,73
5PB,3,8,21,127,73
7.5PB,3,2,70,88,71
7.5PB,3,4,66,102,70
7.5PB,3,6,62,115,69
7.5PB,3,8,58,127,67
7.5PB,3,10,54,139,65
7.5PB,3,12,51,151,62
7.5PB,3,14,50,163,58
7.5PB,3,16,50,175,53
7.5PB,3,18,51,185,47
7.5PB,3,20,53,194,41
7.5PB,3,22,56,205,31
7.5PB,3,24,59,215,14
10PB,3,2,74,88,70
10PB,3,4,74,101,68
10PB,3,6,76,112,65
10PB,3,8,77,123,62
10PB,3,10,79,135,58
10PB,3,12,81,145,54
10PB,3,14,84,156,48
10PB,3,16,88,166,40
10PB,3,18,91,175,31
10PB,3,20,95,184,16
2.5P,3,2,77,87,69
2.5P,3,4,81,99,66
2.5P,3,6,85,109,62
2.5P,3,8,89,119,58
2.5P,3,10,94,129,52
2.5P,3,12,98,138,46
2.5P,3,14,103,147,38
2.5P,3,16,108,156,26
2.5P,3,18,113,165,4
5P,3,2,80,86,68
5P,3,4,86,96,64
5P,3,6,91,105,60
5P,3,8,97,114,55
5P,3,10,103,123,48
5P,3,12,109,132,40
5P,3,14,115,140,29
5P,3,16,121,148,8
7.5P,3,2,83,84,68
7.5P,3,4,90,92,63
7.5P,3,6,97,100,58
7.5P,3,8,105,109,51
7.5P,3,10,111,117,44
7.5P,3,12,118,125,33
7.5P,3,14,125,133,15
10P,3,2,85,81,67
10P,3,4,94,89,62
10P,3,6,102,96,56
10P,3,8,111,103,48
10P,3,10,118,110,39
10P,3,12,127,117,24
2.5RP,3,2,87,78,67
2.5RP,3,4,98,84,61
2.5RP,3,6,107,89,54
2.5RP,3,8,117,94,45
2.5RP,3,10,126,99,34
2.5RP,3,12,135,105,14
5RP,3,2,88,75,66
5RP,3,4,101,78,60
5RP,3,6,112,81,52
5RP,3,8,122,85,43
5RP,3,10,132,88,29
7.5RP,3,2,90,73,66
7.5RP,3,4,103,74,59
7.5RP,3,6,114,75,52
7.5RP,3,8,126,76,41
7.5RP,3,10,136,78,26
10RP,4,2,115,95,91
10RP,4,4,129,92,85
10RP,4,6,142,90,78
10RP,4,8,155,89,69
10RP,4,10,166,88,59
10RP,4,12,177,87,45
10RP,4,14,188,86,23
2.5R,4,2,115,93,91
2.5R,4,4,130,88,85
2.5R,4,6,144,84,78
2.5R,4,8,156,81,69
2.5R,4,10,168,77,59
2.5R,4,12,179,74,45
2.5R,4,14,190,71,21
5R,4,2,116,90,91
5R,4,4,131,83,85
5R,4,6,145,77,78
5R,4,8,157,70,70
5R,4,10,168,64,60
5R,4,12,179,58,48
5R,4,14,190,52,26
7.5R,4,2,116,89,91
7.5R,4,4,132,80,85
7.5R,4,6,145,71,78
7.5R,4,8,157,61,70
7.5R,4,10,168,53,62
7.5R,4,12,178,43,50
7.5R,4,14,188,33,34
10R,4,2,116,86,92
10R,4,4,132,74,86
10R,4,6,144,63,80
10R,4,8,156,50,73
10R,4,10,166,36,65
10R,4,12,175,18,56
2.5YR,4,2,116,83,92
2.5YR,4,4,130,69,87
2.5YR,4,6,142,55,82
2.5YR,4,8,152,38,76
2.5YR,4,10,160,15,71
5YR,4,2,115,80,93
5YR,4,4,128,64,88
5YR,4,6,138,47,84
5YR,4,8,146,27,80
7.5YR,4,2,114,78,93
7.5YR,4,4,126,59,90
7.5YR,4,6,134,40,87
7.5YR,4,8,140,14,84
10YR,4,2,111,76,95
10YR,4,4,122,54,92
10YR,4,6,129,33,90
2.5Y,4,2,108,74,96
2.5Y,4,4,117,51,94
2.5Y,4,6,123,26,93
5Y,4,2,105,73,97
5Y,4,4,112,49,96
5Y,4,6,116,21,95
7.5Y,4,2,103,73,98
7.5Y,4,4,107,48,98
7.5Y,4,6,110,17,98
10Y,4,2,98,75,99
10Y,4,4,102,48,100
10Y,4,6,103,17,100
2.5GY,4,2,96,76,100
2.5GY,4,4,95,52,101
2.5GY,4,6,94,23,103
5GY,4,2,93,78,100
5GY,4,4,89,56,103
5GY,4,6,84,32,105
7.5GY,4,2,89,82,101
7.5GY,4,4,79,65,104
7.5GY,4,6,69,46,107
7.5GY,4,8,58,19,110
10GY,4,2,86,85,101
10GY,4,4,73,72,105
10GY,4,6,56,57,109
10GY,4,8,34,41,112
2.5G,4,2,83,89,102
2.5G,4,4,64,80,106
2.5G,4,6,36,72,110
5G,4,2,81,91,102
5G,4,4,59,85,107
5G,4,6,24,80,111
7.5G,4,2,80,93,102
7.5G,4,4,56,89,107
7.5G,4,6,5,86,111
10G,4,2,79,95,102
10G,4,4,53,93,107
2.5BG,4,2,78,97,102
2.5BG,4,4,49,98,107
5BG,4,2,77,100,102
5BG,4,4,47,103,107
7.5BG,4,2,76,102,102
7.5BG,4,4,46,107,106
10BG,4,2,77,104,102
10BG,4,4,46,112,106
2.5B,4,2,77,106,101
2.5B,4,4,48,116,105
5B,4,2,79,108,101
5B,4,4,53,119,104
7.5B,4,2,81,109,100
7.5B,4,4,60,122,103
7.5B,4,6,24,134,105
10B,4,2,84,110,99
10B,4,4,66,123,101
10B,4,6,42,136,103
2.5PB,4,2,87,111,98
2.5PB,4,4,74,124,100
2.5PB,4,6,58,137,100
2.5PB,4,8,28,151,101
5PB,4,2,91,111,97
5PB,4,4,82,125,98
5PB,4,6,71,138,98
5PB,4,8,55,152,98
5PB,4,10,32,165,98
7.5PB,4,2,94,112,96
7.5PB,4,4,91,125,95
7.5PB,4,6,87,138,94
7.5PB,4,8,83,151,93
7.5PB,4,10,77,164,91
7.5PB,4,12,72,177,90
7.5PB,4,14,68,189,87
7.5PB,4,16,64,202,84
7.5PB,4,18,62,215,80
7.5PB,4,20,61,229,74
7.5PB,4,22,62,238,70
7.5PB,4,24,63,250,63
7.5PB,4,26,65,255,55
10PB,4,2,98,112,95
10PB,4,4,98,124,93
10PB,4,6,99,136,91
10PB,4,8,100,148,88
10PB,4,10,100,160,86
10PB,4,12,102,172,82
10PB,4,14,103,183,78
10PB,4,16,106,193,73
10PB,4,18,109,204,67
10PB,4,20,113,216,60
10PB,4,22,116,224,52
10PB,4,24,120,234,42
10PB,4,26,124,244,23
2.5P,4,2,101,111,94
2.5P,4,4,104,122,91
2.5P,4,6,108,133,89
2.5P,4,8,112,143,85
2.5P,4,10,116,154,81
2.5P,4,12,120,164,76
2.5P,4,14,125,174,70
2.5P,4,16,130,183,63
2.5P,4,18,135,193,55
2.5P,4,20,140,203,43
2.5P,4,22,144,211,30
5P,4,2,104,109,94
5P,4,4,109,120,90
5P,4,6,115,129,86
5P,4,8,120,138,82
5P,4,10,126,148,77
5P,4,12,132,157,71
5P,4,14,138,166,64
5P,4,16,144,175,55
5P,4,18,150,184,44
5P,4,20,156,193,26
7.5P,4,2,107,107,93
7.5P,4,4,114,116,89
7.5P,4,6,122,124,84
7.5P,4,8,129,132,79
7.5P,4,10,136,140,73
7.5P,4,12,143,148,66
7.5P,4,14,150,156,57
7.5P,4,16,158,165,44
7.5P,4,18,165,173,26
10P,4,2,109,105,92
10P,4,4,119,112,87
10P,4,6,128,119,82
10P,4,8,136,125,76
10P,4,10,144,132,69
10P,4,12,152,139,61
10P,4,14,160,145,50
10P,4,16,168,152,35
2.5RP,4,2,111,102,92
2.5RP,4,4,122,107,87
2.5RP,4,6,133,112,80
2.5RP,4,8,143,117,73
2.5RP,4,10,152,122,65
2.5RP,4,12,161,127,55
2.5RP,4,14,170,132,42
2.5RP,4,16,179,137,20
5RP,4,2,113,99,92
5RP,4,4,125,101,86
5RP,4,6,138,104,79
5RP,4,8,149,106,71
5RP,4,10,158,109,63
5RP,4,12,169,112,50
5RP,4,14,178,115,34
7.5RP,4,2,114,97,91
7.5RP,4,4,128,97,85
7.5RP,4,6,141,97,78
7.5RP,4,8,153,97,70
7.5RP,4,10,163,98,61
7.5RP,4,12,173,99,48
7.5RP,4,14,184,100,28
10RP,5,2,139,120,118
10RP,5,4,155,117,112
10RP,5,6,169,115,105
10RP,5,8,183,112,97
10RP,5,10,195,110,88
10RP,5,12,208,109,76
10RP,5,14,218,108,64
10RP,5,16,230,106,45
2.5R,5,2,139,119,118
2.5R,5,4,156,114,112
2.5R,5,6,171,109,105
2.5R,5,8,184,104,97
2.5R,5,10,197,100,88
2.5R,5,12,210,96,76
2.5R,5,14,220,93,64
2.5R,5,16,232,90,45
5R,5,2,140,117,118
5R,5,4,157,109,112
5R,5,6,172,102,105
5R,5,8,185,95,97
5R,5,10,198,87,88
5R,5,12,211,81,77
5R,5,14,221,75,65
5R,5,16,232,68,47
5R,5,18,244,61,8
7.5R,5,2,140,115,118
7.5R,5,4,157,105,112
7.5R,5,6,172,95,105
7.5R,5,8,186,85,98
7.5R,5,10,198,75,89
7.5R,5,12,210,64,79
7.5R,5,14,220,54,68
7.5R,5,16,231,42,53
7.5R,5,18,240,30,32
10R,5,2,141,112,118
10R,5,4,157,99,112
10R,5,6,172,86,106
10R,5,8,185,73,100
10R,5,10,196,57,92
10R,5,12,207,40,84
10R,5,14,215,18,77
2.5YR,5,2,141,109,118
2.5YR,5,4,156,95,113
2.5YR,5,6,170,79,108
2.5YR,5,8,182,61,102
2.5YR,5,10,191,42,97
2.5YR,5,12,199,15,92
5YR,5,2,140,106,119
5YR,5,4,154,89,115
5YR,5,6,166,70,110
5YR,5,8,176,50,106
5YR,5,10,184,25,102
7.5YR,5,2,139,104,119
7.5YR,5,4,152,85,116
7.5YR,5,6,163,63,113
7.5YR,5,8,171,39,109
10YR,5,2,137,101,120
10YR,5,4,148,79,118
10YR,5,6,157,55,115
10YR,5,8,164,27,113
2.5Y,5,2,134,100,121
2.5Y,5,4,143,75,120
2.5Y,5,6,151,48,118
2.5Y,5,8,156,13,117
5Y,5,2,131,98,123
5Y,5,4,138,73,122
5Y,5,6,144,43,121
7.5Y,5,2,129,98,124
7.5Y,5,4,133,72,124
7.5Y,5,6,137,41,124
10Y,5,2,126,99,124
10Y,5,4,128,72,126
10Y,5,6,130,42,126
2.5GY,5,2,122,100,125
2.5GY,5,4,121,76,127
2.5GY,5,6,120,48,129
5GY,5,2,119,103,126
5GY,5,4,115,81,129
5GY,5,6,110,56,131
5GY,5,8,106,23,133
7.5GY,5,2,114,106,127
7.5GY,5,4,106,89,130
7.5GY,5,6,96,69,134
7.5GY,5,8,86,47,136
7.5GY,5,10,74,10,139
10GY,5,2,111,110,128
10GY,5,4,98,96,132
10GY,5,6,84,81,135
10GY,5,8,66,65,139
10GY,5,10,41,48,142
2.5G,5,2,107,113,128
2.5G,5,4,90,104,133
2.5G,5,6,69,95,137
2.5G,5,8,34,86,140
5G,5,2,105,116,128
5G,5,4,85,110,133
5G,5,6,59,104,137
7.5G,5,2,104,118,128
7.5G,5,4,82,114,133
7.5G,5,6,52,110,137
10G,5,2,103,120,128
10G,5,4,79,118,133
10G,5,6,47,116,137
2.5BG,5,2,102,122,128
2.5BG,5,4,77,122,133
2.5BG,5,6,42,122,137
5BG,5,2,102,125,128
5BG,5,4,75,128,133
5BG,5,6,34,130,137
7.5BG,5,2,101,128,128
7.5BG,5,4,75,132,132
7.5BG,5,6,27,137,137
10BG,5,2,102,130,128
10BG,5,4,75,137,132
10BG,5,6,26,145,136
2.5B,5,2,103,131,127
2.5B,5,4,77,141,131
2.5B,5,6,32,150,135
5B,5,2,105,133,127
5B,5,4,81,144,130
5B,5,6,45,156,133
7.5B,5,2,107,134,126
7.5B,5,4,87,147,129
7.5B,5,6,59,159,131
10B,5,2,110,135,125
10B,5,4,93,148,127
10B,5,6,72,161,129
10B,5,8,35,175,131
2.5PB,5,2,113,136,124
2.5PB,5,4,101,149,126
2.5PB,5,6,85,163,127
2.5PB,5,8,65,177,128
2.5PB,5,10,28,191,129
5PB,5,2,117,136,123
5PB,5,4,108,150,124
5PB,5,6,98,164,124
5PB,5,8,85,178,124
5PB,5,10,67,192,125
5PB,5,12,38,206,125
7.5PB,5,2,120,136,122
7.5PB,5,4,116,149,122
7.5PB,5,6,112,164,121
7.5PB,5,8,108,177,119
7.5PB,5,10,103,190,118
7.5PB,5,12,97,204,117
7.5PB,5,14,90,218,115
7.5PB,5,16,83,232,113
7.5PB,5,18,77,247,109
7.5PB,5,20,72,255,106
10PB,5,2,123,136,121
10PB,5,4,123,148,120
10PB,5,6,124,162,117
10PB,5,8,124,175,115
10PB,5,10,124,186,112
10PB,5,12,125,199,109
10PB,5,14,126,212,106
10PB,5,16,127,224,102
10PB,5,18,129,235,98
10PB,5,20,131,247,93
10PB,5,22,135,255,86
2.5P,5,2,126,135,121
2.5P,5,4,129,147,118
2.5P,5,6,132,159,115
2.5P,5,8,136,171,111
2.5P,5,10,140,181,108
2.5P,5,12,144,192,104
2.5P,5,14,149,202,99
2.5P,5,16,153,212,93
2.5P,5,18,158,222,87
2.5P,5,20,163,233,80
2.5P,5,22,168,243,71
2.5P,5,24,173,254,59
2.5P,5,26,179,255,44
5P,5,2,128,133,120
5P,5,4,134,144,117
5P,5,6,140,155,113
5P,5,8,146,165,109
5P,5,10,151,175,104
5P,5,12,157,185,99
5P,5,14,163,194,93
5P,5,16,169,203,87
5P,5,18,175,212,79
5P,5,20,181,221,70
5P,5,22,187,231,57
5P,5,24,194,240,40
5P,5,26,200,249,1
7.5P,5,2,131,131,119
7.5P,5,4,139,140,115
7.5P,5,6,148,149,110
7.5P,5,8,156,158,105
7.5P,5,10,163,166,100
7.5P,5,12,170,174,93
7.5P,5,14,178,182,86
7.5P,5,16,185,190,78
7.5P,5,18,192,199,67
7.5P,5,20,200,207,54
7.5P,5,22,208,216,32
10P,5,2,133,129,119
10P,5,4,143,136,114
10P,5,6,154,143,109
10P,5,8,164,150,102
10P,5,10,172,157,96
10P,5,12,181,164,89
10P,5,14,189,170,80
10P,5,16,198,177,70
10P,5,18,206,184,57
10P,5,20,215,191,36
2.5RP,5,2,135,127,119
2.5RP,5,4,147,132,113
2.5RP,5,6,159,137,107
2.5RP,5,8,171,142,100
2.5RP,5,10,180,146,93
2.5RP,5,12,190,151,84
2.5RP,5,14,200,156,74
2.5RP,5,16,209,161,62
2.5RP,5,18,218,166,44
2.5RP,5,20,227,171,7
5RP,5,2,137,124,118
5RP,5,4,151,126,112
5RP,5,6,164,128,106
5RP,5,8,177,130,98
5RP,5,10,188,132,90
5RP,5,12,199,135,80
5RP,5,14,210,137,68
5RP,5,16,220,140,53
5RP,5,18,230,142,28
7.5RP,5,2,138,122,118
7.5RP,5,4,153,121,112
7.5RP,5,6,167,121,105
7.5RP,5,8,180,121,97
7.5RP,5,10,192,121,89
7.5RP,5,12,204,122,77
7.5RP,5,14,214,123,66
7.5RP,5,16,225,124,48
7.5RP,5,18,235,125,17
10RP,6,2,164,146,144
10RP,6,4,180,143,138
10RP,6,6,196,140,132
10RP,6,8,208,137,125
10RP,6,10,222,135,117
10RP,6,12,235,132,107
10RP,6,14,247,131,97
10RP,6,16,255,128,82
10RP,6,18,255,127,65
2.5R,6,2,165,144,144
2.5R,6,4,182,139,138
2.5R,6,6,198,134,132
2.5R,6,8,211,129,125
2.5R,6,10,225,124,117
2.5R,6,12,238,119,107
2.5R,6,14,249,116,97
2.5R,6,16,255,111,82
2.5R,6,18,255,108,64
5R,6,2,166,143,144
5R,6,4,183,135,138
5R,6,6,199,127,132
5R,6,8,212,121,125
5R,6,10,226,113,117
5R,6,12,239,106,107
5R,6,14,251,99,97
5R,6,16,255,92,84
5R,6,18,255,85,68
7.5R,6,2,167,140,144
7.5R,6,4,184,130,138
7.5R,6,6,199,121,132
7.5R,6,8,213,111,125
7.5R,6,10,227,100,117
7.5R,6,12,239,89,109
7.5R,6,14,250,77,100
7.5R,6,16,255,65,88
7.5R,6,18,255,51,75
10R,6,2,167,138,144
10R,6,4,184,124,139
10R,6,6,199,112,133
10R,6,8,212,99,127
10R,6,10,225,83,120
10R,6,12,236,67,113
10R,6,14,247,47,105
10R,6,16,255,20,97
2.5YR,6,2,168,134,144
2.5YR,6,4,183,120,140
2.5YR,6,6,197,104,134
2.5YR,6,8,210,88,129
2.5YR,6,10,221,69,124
2.5YR,6,12,230,47,118
2.5YR,6,14,238,10,113
5YR,6,2,167,131,145
5YR,6,4,181,114,141
5YR,6,6,194,95,137
5YR,6,8,205,75,132
5YR,6,10,214,53,128
5YR,6,12,221,21,125
7.5YR,6,2,166,129,146
7.5YR,6,4,179,110,142
7.5YR,6,6,190,88,139
7.5YR,6,8,199,65,136
7.5YR,6,10,207,36,133
10YR,6,2,163,126,147
10YR,6,4,174,104,144
10YR,6,6,184,80,142
10YR,6,8,192,54,140
10YR,6,10,198,16,138
2.5Y,6,2,160,124,148
2.5Y,6,4,170,100,146
2.5Y,6,6,178,74,145
2.5Y,6,8,184,44,143
5Y,6,2,157,122,149
5Y,6,4,164,97,149
5Y,6,6,170,69,148
5Y,6,8,175,35,147
7.5Y,6,2,155,122,150
7.5Y,6,4,159,96,150
7.5Y,6,6,163,67,151
7.5Y,6,8,166,29,151
10Y,6,2,152,122,151
10Y,6,4,154,97,152
10Y,6,6,156,67,153
10Y,6,8,158,29,153
2.5GY,6,2,148,124,152
2.5GY,6,4,148,99,154
2.5GY,6,6,147,72,155
2.5GY,6,8,146,36,157
5GY,6,2,145,126,152
5GY,6,4,141,103,155
5GY,6,6,137,80,158
5GY,6,8,132,50,160
7.5GY,6,2,140,129,154
7.5GY,6,4,131,112,157
7.5GY,6,6,122,93,160
7.5GY,6,8,112,70,163
7.5GY,6,10,101,43,166
10GY,6,2,135,134,154
10GY,6,4,123,119,158
10GY,6,6,109,104,162
10GY,6,8,93,88,166
10GY,6,10,74,72,169
10GY,6,12,46,52,172
2.5G,6,2,132,138,155
2.5G,6,4,114,128,160
2.5G,6,6,95,118,164
2.5G,6,8,69,109,168
2.5G,6,10,20,100,171
5G,6,2,130,141,155
5G,6,4,108,134,160
5G,6,6,85,128,164
5G,6,8,49,123,168
7.5G,6,2,129,143,155
7.5G,6,4,105,138,160
7.5G,6,6,79,135,165
7.5G,6,8,35,131,168
10G,6,2,128,146,155
10G,6,4,102,143,160
10G,6,6,74,141,165
10G,6,8,11,139,169
2.5BG,6,2,127,148,155
2.5BG,6,4,100,147,160
2.5BG,6,6,70,147,165
5BG,6,2,126,151,155
5BG,6,4,99,153,160
5BG,6,6,63,155,164
7.5BG,6,2,126,153,155
7.5BG,6,4,98,158,160
7.5BG,6,6,61,163,164
10BG,6,2,127,155,154
10BG,6,4,100,163,159
10BG,6,6,60,170,163
2.5B,6,2,128,157,154
2.5B,6,4,103,166,158
2.5B,6,6,64,176,162
5B,6,2,131,159,153
5B,6,4,108,169,157
5B,6,6,75,182,160
7.5B,6,2,133,160,152
7.5B,6,4,114,172,155
7.5B,6,6,87,185,158
7.5B,6,8,46,198,160
10B,6,2,136,160,151
10B,6,4,120,173,154
10B,6,6,99,188,156
10B,6,8,71,201,158
2.5PB,6,2,139,161,150
2.5PB,6,4,128,174,152
2.5PB,6,6,112,189,153
2.5PB,6,8,95,204,154
2.5PB,6,10,69,218,155
5PB,6,2,142,161,149
5PB,6,4,134,175,150
5PB,6,6,124,190,150
5PB,6,8,112,205,151
5PB,6,10,96,219,151
5PB,6,12,72,235,152
5PB,6,14,23,251,152
7.5PB,6,2,146,161,148
7.5PB,6,4,142,175,148
7.5PB,6,6,138,190,147
7.5PB,6,8,133,203,146
7.5PB,6,10,128,217,145
7.5PB,6,12,121,233,143
7.5PB,6,14,114,249,142
10PB,6,2,149,161,148
10PB,6,4,149,174,146
10PB,6,6,148,188,144
10PB,6,8,148,200,142
10PB,6,10,148,213,140
10PB,6,12,148,228,137
10PB,6,14,149,242,134
10PB,6,16,150,255,129
2.5P,6,2,151,160,147
2.5P,6,4,154,172,144
2.5P,6,6,157,185,142
2.5P,6,8,161,197,138
2.5P,6,10,164,209,135
2.5P,6,12,169,220,131
2.5P,6,14,173,232,126
2.5P,6,16,179,244,121
2.5P,6,18,183,254,115
5P,6,2,154,159,146
5P,6,4,159,170,143
5P,6,6,165,181,139
5P,6,8,170,191,136
5P,6,10,176,202,131
5P,6,12,182,212,127
5P,6,14,188,223,121
5P,6,16,194,233,115
5P,6,18,200,243,108
5P,6,20,207,254,100
7.5P,6,2,157,157,145
7.5P,6,4,165,165,142
7.5P,6,6,174,175,137
7.5P,6,8,182,183,132
7.5P,6,10,190,192,127
7.5P,6,12,198,200,121
7.5P,6,14,206,209,114
7.5P,6,16,214,217,107
7.5P,6,18,221,226,98
7.5P,6,20,230,236,86
7.5P,6,22,239,245,71
7.5P,6,24,247,254,52
10P,6,2,159,155,145
10P,6,4,169,162,141
10P,6,6,180,169,135
10P,6,8,189,175,130
10P,6,10,199,182,124
10P,6,12,208,189,117
10P,6,14,218,196,108
10P,6,16,227,203,100
10P,6,18,235,210,90
10P,6,20,245,218,75
10P,6,22,254,225,57
10P,6,24,255,232,29
2.5RP,6,2,161,153,145
2.5RP,6,4,173,157,140
2.5RP,6,6,185,162,134
2.5RP,6,8,196,166,128
2.5RP,6,10,207,171,121
2.5RP,6,12,218,176,113
2.5RP,6,14,229,181,104
2.5RP,6,16,239,186,93
2.5RP,6,18,249,191,81
2.5RP,6,20,255,196,63
2.5RP,6,22,255,201,41
5RP,6,2,163,150,144
5RP,6,4,176,151,139
5RP,6,6,191,153,132
5RP,6,8,203,155,126
5RP,6,10,214,156,119
5RP,6,12,226,159,110
5RP,6,14,238,161,100
5RP,6,16,249,164,88
5RP,6,18,255,166,73
5RP,6,20,255,170,47
5RP,6,22,255,172,4
7.5RP,6,2,163,148,144
7.5RP,6,4,178,147,139
7.5RP,6,6,194,146,132
7.5RP,6,8,206,146,126
7.5RP,6,10,219,146,118
7.5RP,6,12,231,146,109
7.5RP,6,14,243,147,98
7.5RP,6,16,255,147,84
7.5RP,6,18,255,148,68
7.5RP,6,20,255,150,40
10RP,7,2,190,172,171
10RP,7,4,206,169,165
10RP,7,6,222,166,159
10RP,7,8,238,162,151
10RP,7,10,252,159,144
10RP,7,12,255,156,133
10RP,7,14,255,154,123
10RP,7,16,255,151,110
2.5R,7,2,191,171,171
2.5R,7,4,208,165,165
2.5R,7,6,224,160,158
2.5R,7,8,240,154,151
2.5R,7,10,254,149,143
2.5R,7,12,255,143,133
2.5R,7,14,255,138,123
2.5R,7,16,255,133,110
5R,7,2,192,169,171
5R,7,4,209,161,165
5R,7,6,226,153,158
5R,7,8,241,146,151
5R,7,10,255,138,143
5R,7,12,255,130,134
5R,7,14,255,122,124
7.5R,7,2,193,167,171
7.5R,7,4,211,156,165
7.5R,7,6,226,146,159
7.5R,7,8,243,135,152
7.5R,7,10,255,124,145
7.5R,7,12,255,112,136
7.5R,7,14,255,100,127
7.5R,7,16,255,87,116
10R,7,2,193,164,171
10R,7,4,211,151,165
10R,7,6,227,137,160
10R,7,8,242,123,153
10R,7,10,254,109,147
10R,7,12,255,91,140
10R,7,14,255,73,132
10R,7,16,255,49,124
2.5YR,7,2,193,161,171
2.5YR,7,4,210,145,166
2.5YR,7,6,225,128,161
2.5YR,7,8,239,112,156
2.5YR,7,10,250,95,150
2.5YR,7,12,255,72,145
2.5YR,7,14,255,44,139
5YR,7,2,193,158,171
5YR,7,4,208,139,167
5YR,7,6,222,120,163
5YR,7,8,233,101,159
5YR,7,10,243,79,155
5YR,7,12,253,52,151
7.5YR,7,2,192,155,172
7.5YR,7,4,206,134,169
7.5YR,7,6,218,113,166
7.5YR,7,8,227,91,163
7.5YR,7,10,236,66,160
7.5YR,7,12,243,28,157
10YR,7,2,190,151,173
10YR,7,4,202,128,171
10YR,7,6,212,105,169
10YR,7,8,220,80,166
10YR,7,10,227,51,164
2.5Y,7,2,187,149,174
2.5Y,7,4,197,125,173
2.5Y,7,6,205,99,171
2.5Y,7,8,212,72,170
2.5Y,7,10,217,35,169
5Y,7,2,184,148,175
5Y,7,4,190,121,175
5Y,7,6,197,94,175
5Y,7,8,202,65,174
5Y,7,10,206,15,174
7.5Y,7,2,181,147,176
7.5Y,7,4,186,120,177
7.5Y,7,6,190,93,177
7.5Y,7,8,193,61,177
10Y,7,2,179,147,177
10Y,7,4,181,121,178
10Y,7,6,183,93,179
10Y,7,8,185,61,180
2.5GY,7,2,175,148,178
2.5GY,7,4,174,123,180
2.5GY,7,6,174,98,182
2.5GY,7,8,173,67,183
2.5GY,7,10,172,11,185
5GY,7,2,172,150,179
5GY,7,4,168,127,182
5GY,7,6,164,104,184
5GY,7,8,160,77,186
5GY,7,10,156,39,188
7.5GY,7,2,166,155,180
7.5GY,7,4,157,136,184
7.5GY,7,6,149,117,187
7.5GY,7,8,140,96,190
7.5GY,7,10,129,70,193
7.5GY,7,12,118,37,196
10GY,7,2,161,159,181
10GY,7,4,149,143,185
10GY,7,6,136,129,189
10GY,7,8,121,113,193
10GY,7,10,103,96,196
10GY,7,12,81,77,200
10GY,7,14,51,55,202
2.5G,7,2,157,163,182
2.5G,7,4,140,153,186
2.5G,7,6,122,143,191
2.5G,7,8,99,133,195
2.5G,7,10,67,122,199
5G,7,2,155,167,182
5G,7,4,135,160,187
5G,7,6,113,153,191
5G,7,8,84,148,196
5G,7,10,25,142,200
7.5G,7,2,154,169,182
7.5G,7,4,132,164,187
7.5G,7,6,108,160,191
7.5G,7,8,74,156,196
10G,7,2,153,172,182
10G,7,4,130,169,187
10G,7,6,103,166,192
10G,7,8,64,164,196
2.5BG,7,2,152,173,182
2.5BG,7,4,128,173,187
2.5BG,7,6,100,172,191
2.5BG,7,8,54,172,196
5BG,7,2,151,176,182
5BG,7,4,126,178,187
5BG,7,6,97,180,191
5BG,7,8,41,182,196
7.5BG,7,2,152,179,181
7.5BG,7,4,125,183,186
7.5BG,7,6,95,187,191
7.5BG,7,8,34,192,195
10BG,7,2,153,182,181
10BG,7,4,126,188,186
10BG,7,6,95,195,190
10BG,7,8,29,202,194
2.5B,7,2,154,183,180
2.5B,7,4,128,192,185
2.5B,7,6,98,201,189
2.5B,7,8,40,211,192
5B,7,2,157,185,179
5B,7,4,133,196,183
5B,7,6,104,207,187
5B,7,8,60,219,190
7.5B,7,2,160,186,179
7.5B,7,4,138,198,182
7.5B,7,6,114,211,185
7.5B,7,8,79,225,188
10B,7,2,163,186,178
10B,7,4,146,200,180
10B,7,6,126,214,183
10B,7,8,99,228,185
10B,7,10,53,244,187
2.5PB,7,2,166,187,177
2.5PB,7,4,153,201,178
2.5PB,7,6,139,216,180
2.5PB,7,8,120,231,181
2.5PB,7,10,94,248,183
5PB,7,2,169,187,176
5PB,7,4,160,201,177
5PB,7,6,149,216,177
5PB,7,8,137,232,178
5PB,7,10,120,249,178
7.5PB,7,2,172,187,175
7.5PB,7,4,168,201,174
7.5PB,7,6,163,217,174
7.5PB,7,8,158,232,173
7.5PB,7,10,152,249,171
10PB,7,2,175,186,174
10PB,7,4,174,201,173
10PB,7,6,174,215,171
10PB,7,8,173,229,169
10PB,7,10,173,245,166
10PB,7,12,173,255,163
2.5P,7,2,177,186,174
2.5P,7,4,180,199,171
2.5P,7,6,183,211,168
2.5P,7,8,186,224,165
2.5P,7,10,190,238,161
2.5P,7,12,194,251,157
5P,7,2,180,185,173
5P,7,4,185,196,170
5P,7,6,190,207,166
5P,7,8,196,219,163
5P,7,10,202,231,158
5P,7,12,208,242,153
5P,7,14,215,253,148
7.5P,7,2,183,182,172
7.5P,7,4,192,191,168
7.5P,7,6,200,200,164
7.5P,7,8,209,209,159
7.5P,7,10,218,219,153
7.5P,7,12,226,227,147
7.5P,7,14,235,237,140
7.5P,7,16,244,246,133
7.5P,7,18,253,255,124
10P,7,2,185,180,172
10P,7,4,196,187,167
10P,7,6,207,194,162
10P,7,8,218,201,156
10P,7,10,228,209,150
10P,7,12,237,215,144
10P,7,14,248,223,136
10P,7,16,255,231,126
10P,7,18,255,238,116
10P,7,20,255,246,104
10P,7,22,255,255,88
2.5RP,7,2,186,178,172
2.5RP,7,4,199,182,166
2.5RP,7,6,213,187,160
2.5RP,7,8,225,192,154
2.5RP,7,10,236,196,147
2.5RP,7,12,248,202,140
2.5RP,7,14,255,206,131
2.5RP,7,16,255,212,120
2.5RP,7,18,255,218,107
2.5RP,7,20,255,224,91
5RP,7,2,188,176,171
5RP,7,4,202,177,166
5RP,7,6,218,179,159
5RP,7,8,232,180,152
5RP,7,10,244,182,145
5RP,7,12,255,184,136
5RP,7,14,255,186,126
5RP,7,16,255,189,114
5RP,7,18,255,192,100
7.5RP,7,2,189,174,171
7.5RP,7,4,204,173,166
7.5RP,7,6,220,172,159
7.5RP,7,8,235,172,152
7.5RP,7,10,248,171,144
7.5RP,7,12,255,171,135
7.5RP,7,14,255,171,124
7.5RP,7,16,255,172,111
10RP,8,2,215,200,198
10RP,8,4,234,195,192
10RP,8,6,251,192,185
10RP,8,8,255,188,177
10RP,8,10,255,184,169
2.5R,8,2,215,198,198
2.5R,8,4,236,191,192
2.5R,8,6,253,185,185
2.5R,8,8,255,179,177
2.5R,8,10,255,173,169
5R,8,2,216,196,198
5R,8,4,237,187,192
5R,8,6,254,179,185
5R,8,8,255,170,177
5R,8,10,255,161,169
7.5R,8,2,217,194,198
7.5R,8,4,239,182,191
7.5R,8,6,255,171,185
7.5R,8,8,255,158,178
7.5R,8,10,255,146,170
10R,8,2,218,192,198
10R,8,4,239,176,192
10R,8,6,255,161,186
10R,8,8,255,146,179
10R,8,10,255,131,173
2.5YR,8,2,219,189,198
2.5YR,8,4,239,170,193
2.5YR,8,6,254,153,188
2.5YR,8,8,255,135,182
2.5YR,8,10,255,116,177
2.5YR,8,12,255,95,171
5YR,8,2,219,184,198
5YR,8,4,236,164,194
5YR,8,6,250,145,190
5YR,8,8,255,123,186
5YR,8,10,255,102,182
5YR,8,12,255,77,178
5YR,8,14,255,43,174
7.5YR,8,2,218,181,199
7.5YR,8,4,233,159,196
7.5YR,8,6,246,138,192
7.5YR,8,8,255,114,189
7.5YR,8,10,255,90,186
7.5YR,8,12,255,60,183
10YR,8,2,216,177,200
10YR,8,4,228,154,198
10YR,8,6,239,130,196
10YR,8,8,248,104,193
10YR,8,10,255,77,191
10YR,8,12,255,40,189
2.5Y,8,2,214,174,201
2.5Y,8,4,223,150,200
2.5Y,8,6,232,124,199
2.5Y,8,8,239,97,197
2.5Y,8,10,246,66,196
2.5Y,8,12,251,10,195
5Y,8,2,211,172,202
5Y,8,4,217,146,202
5Y,8,6,223,119,202
5Y,8,8,228,90,202
5Y,8,10,233,54,201
7.5Y,8,2,208,172,203
7.5Y,8,4,213,145,204
7.5Y,8,6,217,117,204
7.5Y,8,8,220,86,205
7.5Y,8,10,223,48,205
10Y,8,2,206,171,204
10Y,8,4,208,145,205
10Y,8,6,210,117,206
10Y,8,8,212,86,207
10Y,8,10,214,47,208
2.5GY,8,2,203,172,205
2.5GY,8,4,202,147,207
2.5GY,8,6,201,120,209
2.5GY,8,8,200,92,211
2.5GY,8,10,199,53,212
5GY,8,2,199,174,206
5GY,8,4,196,151,208
5GY,8,6,192,126,211
5GY,8,8,188,100,213
5GY,8,10,184,68,216
7.5GY,8,2,192,179,207
7.5GY,8,4,183,159,211
7.5GY,8,6,175,139,215
7.5GY,8,8,166,117,218
7.5GY,8,10,156,94,221
7.5GY,8,12,146,63,224
10GY,8,2,187,183,208
10GY,8,4,174,168,213
10GY,8,6,160,151,217
10GY,8,8,146,136,221
10GY,8,10,129,118,224
10GY,8,12,110,99,228
10GY,8,14,85,79,231
10GY,8,16,47,54,234
2.5G,8,2,183,189,209
2.5G,8,4,166,178,214
2.5G,8,6,145,166,219
2.5G,8,8,124,156,223
2.5G,8,10,98,145,227
2.5G,8,12,53,134,231
5G,8,2,180,192,209
5G,8,4,160,185,214
5G,8,6,135,178,220
5G,8,8,107,171,224
5G,8,10,67,166,228
7.5G,8,2,179,195,209
7.5G,8,4,157,190,214
7.5G,8,6,130,185,220
7.5G,8,8,100,181,224
7.5G,8,10,47,177,228
10G,8,2,178,198,209
10G,8,4,155,194,215
10G,8,6,126,192,220
10G,8,8,92,189,224
10G,8,10,20,187,228
2.5BG,8,2,177,200,209
2.5BG,8,4,152,198,215
2.5BG,8,6,124,198,219
2.5BG,8,8,85,197,224
5BG,8,2,177,203,209
5BG,8,4,151,204,214
5BG,8,6,121,205,219
5BG,8,8,75,208,224
7.5BG,8,2,178,206,208
7.5BG,8,4,151,209,214
7.5BG,8,6,117,214,219
7.5BG,8,8,69,218,223
10BG,8,2,179,208,208
10BG,8,4,151,214,213
10BG,8,6,118,221,218
10BG,8,8,66,228,222
2.5B,8,2,181,210,207
2.5B,8,4,153,219,212
2.5B,8,6,120,228,217
2.5B,8,8,69,238,221
5B,8,2,184,211,206
5B,8,4,158,223,211
5B,8,6,128,235,215
5B,8,8,80,249,219
7.5B,8,2,187,212,205
7.5B,8,4,164,225,209
7.5B,8,6,137,239,213
7.5B,8,8,96,255,216
10B,8,2,190,212,204
10B,8,4,171,228,207
10B,8,6,149,243,210
10B,8,8,117,255,213
2.5PB,8,2,193,213,203
2.5PB,8,4,179,229,205
2.5PB,8,6,162,245,207
5PB,8,2,196,213,203
5PB,8,4,186,229,204
5PB,8,6,173,247,204
7.5PB,8,2,199,213,202
7.5PB,8,4,194,229,201
7.5PB,8,6,188,246,201
10PB,8,2,202,212,201
10PB,8,4,201,227,200
10PB,8,6,200,244,197
10PB,8,8,199,255,195
2.5P,8,2,204,211,201
2.5P,8,4,206,226,198
2.5P,8,6,209,240,195
2.5P,8,8,212,255,192
5P,8,2,205,210,200
5P,8,4,211,223,197
5P,8,6,216,236,193
5P,8,8,223,249,189
5P,8,10,229,255,184
7.5P,8,2,208,208,199
7.5P,8,4,219,217,195
7.5P,8,6,227,226,191
7.5P,8,8,238,237,184
7.5P,8,10,248,247,179
7.5P,8,12,255,255,172
10P,8,2,210,206,199
10P,8,4,222,213,194
10P,8,6,234,221,189
10P,8,8,247,229,182
10P,8,10,255,236,176
10P,8,12,255,244,169
10P,8,14,255,253,160
2.5RP,8,2,211,204,199
2.5RP,8,4,226,209,193
2.5RP,8,6,241,213,187
2.5RP,8,8,255,218,180
2.5RP,8,10,255,223,173
2.5RP,8,12,255,228,164
2.5RP,8,14,255,234,155
5RP,8,2,213,203,199
5RP,8,4,229,203,193
5RP,8,6,246,205,186
5RP,8,8,255,206,178
5RP,8,10,255,208,171
5RP,8,12,255,210,160
7.5RP,8,2,214,201,198
7.5RP,8,4,232,199,192
7.5RP,8,6,249,198,185
7.5RP,8,8,255,198,177
7.5RP,8,10,255,197,169
7.5RP,8,12,255,197,159
10RP,9,2,242,227,226
10RP,9,4,255,222,219
10RP,9,6,255,217,211
2.5R,9,2,242,226,226
2.5R,9,4,255,218,218
2.5R,9,6,255,210,211
5R,9,2,244,223,226
5R,9,4,255,213,218
5R,9,6,255,203,211
7.5R,9,2,245,221,225
7.5R,9,4,255,207,218
7.5R,9,6,255,194,211
10R,9,2,245,219,225
10R,9,4,255,201,218
10R,9,6,255,185,212
2.5YR,9,2,247,215,225
2.5YR,9,4,255,194,219
2.5YR,9,6,255,175,214
5YR,9,2,247,210,226
5YR,9,4,255,187,221
5YR,9,6,255,167,217
7.5YR,9,2,246,206,226
7.5YR,9,4,255,182,223
7.5YR,9,6,255,159,220
7.5YR,9,8,255,136,217
10YR,9,2,244,202,227
10YR,9,4,255,176,225
10YR,9,6,255,152,223
10YR,9,8,255,126,221
2.5Y,9,2,241,199,229
2.5Y,9,4,251,172,228
2.5Y,9,6,255,146,226
2.5Y,9,8,255,119,225
2.5Y,9,10,255,90,224
2.5Y,9,12,255,52,222
5Y,9,2,238,197,230
5Y,9,4,245,169,230
5Y,9,6,251,141,230
5Y,9,8,255,112,230
5Y,9,10,255,80,229
5Y,9,12,255,29,229
7.5Y,9,2,236,196,231
7.5Y,9,4,240,168,232
7.5Y,9,6,244,140,232
7.5Y,9,8,248,109,232
7.5Y,9,10,251,76,233
7.5Y,9,12,254,12,233
10Y,9,2,233,196,231
10Y,9,4,236,168,233
10Y,9,6,238,140,234
10Y,9,8,240,108,235
10Y,9,10,242,74,236
2.5GY,9,2,230,197,232
2.5GY,9,4,230,169,235
2.5GY,9,6,229,142,237
2.5GY,9,8,228,111,238
2.5GY,9,10,227,78,240
2.5GY,9,12,226,13,241
5GY,9,2,227,198,233
5GY,9,4,224,172,236
5GY,9,6,220,146,239
5GY,9,8,216,118,242
5GY,9,10,212,87,244
5GY,9,12,208,41,246
7.5GY,9,2,219,203,235
7.5GY,9,4,210,182,239
7.5GY,9,6,201,159,243
7.5GY,9,8,192,136,246
7.5GY,9,10,182,111,250
7.5GY,9,12,172,83,252
7.5GY,9,14,161,44,255
10GY,9,2,213,209,236
10GY,9,4,200,191,241
10GY,9,6,183,172,246
10GY,9,8,169,156,250
10GY,9,10,152,137,254
10GY,9,12,134,120,255
10GY,9,14,111,99,255
10GY,9,16,80,75,255
10GY,9,18,16,41,255
2.5G,9,2,208,214,237
2.5G,9,4,190,202,242
2.5G,9,6,167,188,248
2.5G,9,8,145,177,252
2.5G,9,10,118,166,255
2.5G,9,12,84,155,255
5G,9,2,206,218,237
5G,9,4,184,210,243
5G,9,6,156,202,249
5G,9,8,126,195,254
5G,9,10,89,189,255
7.5G,9,2,204,222,237
7.5G,9,4,180,216,243
7.5G,9,6,150,210,249
7.5G,9,8,117,205,254
7.5G,9,10,72,201,255
10G,9,2,203,224,237
10G,9,4,178,221,243
10G,9,6,146,217,249
10G,9,8,108,214,254
10G,9,10,51,212,255
2.5BG,9,2,203,227,237
2.5BG,9,4,176,225,243
2.5BG,9,6,142,224,249
2.5BG,9,8,100,223,254
2.5BG,9,10,15,223,255
5BG,9,2,203,229,237
5BG,9,4,174,230,243
5BG,9,6,139,232,249
5BG,9,8,90,233,254
7.5BG,9,2,203,233,236
7.5BG,9,4,174,237,242
7.5BG,9,6,136,241,248
7.5BG,9,8,79,246,253
10BG,9,2,205,235,236
10BG,9,4,174,242,242
10BG,9,6,135,249,247
2.5B,9,2,207,237,235
2.5B,9,4,176,248,241
5B,9,2,210,239,234
5B,9,4,180,253,239
7.5B,9,2,214,239,233
7.5B,9,4,186,255,238
10B,9,2,216,240,232
10B,9,4,192,255,236
2.5PB,9,2,220,240,231
5PB,9,2,223,240,230
7.5PB,9,2,226,240,229
10PB,9,2,229,239,228
10PB,9,4,227,255,227
2.5P,9,2,231,239,228
2.5P,9,4,233,255,225
5P,9,2,232,238,228
5P,9,4,238,253,224
7.5P,9,2,236,235,227
7.5P,9,4,248,246,222
7.5P,9,6,255,255,216
10P,9,2,237,233,227
10P,9,4,252,241,221
10P,9,6,255,249,215
2.5RP,9,2,239,232,226
2.5RP,9,4,255,236,220
2.5RP,9,6,255,241,213
5RP,9,2,240,230,226
5RP,9,4,255,231,219
5RP,9,6,255,232,212
7.5RP,9,2,241,228,226
7.5RP,9,4,255,226,219
7.5RP,9,6,255,225,211
7.5BG,0,0,0,0,0
7.5BG,1,0,34,34,34
7.5BG,2,0,58,58,58
7.5BG,3,0,82,82,82
7.5BG,4,0,107,107,107
7.5BG,5,0,136,136,136
7.5BG,6,0,162,162,162
7.5BG,7,0,181,181,181
7.5BG,8,0,202,202,202
7.5BG,9,0,232,232,232
7.5BG,10,0,255,255,255
2.5R,0,0,0,0,0
2.5R,1,0,34,34,34
2.5R,2,0,58,58,58
2.5R,3,0,82,82,82
2.5R,4,0,107,107,107
2.5R,5,0,136,136,136
2.5R,6,0,162,162,162
2.5R,7,0,181,181,181
2.5R,8,0,202,202,202
2.5R,9,0,232,232,232
2.5R,10,0,255,255,255
7.5GY,0,0,0,0,0
7.5GY,1,0,34,34,34
7.5GY,2,0,58,58,58
7.5GY,3,0,82,82,82
7.5GY,4,0,107,107,107
7.5GY,5,0,136,136,136
7.5GY,6,0,162,162,162
7.5GY,7,0,181,181,181
7.5GY,8,0,202,202,202
7.5GY,9,0,232,232,232
7.5GY,10,0,255,255,255
2.5BG,0,0,0,0,0
2.5BG,1,0,34,34,34
2.5BG,2,0,58,58,58
2.5BG,3,0,82,82,82
2.5BG,4,0,107,107,107
2.5BG,5,0,136,136,136
2.5BG,6,0,162,162,162
2.5BG,7,0,181,181,181
2.5BG,8,0,202,202,202
2.5BG,9,0,232,232,232
2.5BG,10,0,255,255,255
10PB,0,0,0,0,0
10PB,1,0,34,34,34
10PB,2,0,58,58,58
10PB,3,0,82,82,82
10PB,4,0,107,107,107
10PB,5,0,136,136,136
10PB,6,0,162,162,162
10PB,7,0,181,181,181
10PB,8,0,202,202,202
10PB,9,0,232,232,232
10PB,10,0,255,255,255
5RP,0,0,0,0,0
5RP,1,0,34,34,34
5RP,2,0,58,58,58
5RP,3,0,82,82,82
5RP,4,0,107,107,107
5RP,5,0,136,136,136
5RP,6,0,162,162,162
5RP,7,0,181,181,181
5RP,8,0,202,202,202
5RP,9,0,232,232,232
5RP,10,0,255,255,255
7.5B,0,0,0,0,0
7.5B,1,0,34,34,34
7.5B,2,0,58,58,58
7.5B,3,0,82,82,82
7.5B,4,0,107,107,107
7.5B,5,0,136,136,136
7.5B,6,0,162,162,162
7.5B,7,0,181,181,181
7.5B,8,0,202,202,202
7.5B,9,0,232,232,232
7.5B,10,0,255,255,255
5YR,0,0,0,0,0
5YR,1,0,34,34,34
5YR,2,0,58,58,58
5YR,3,0,82,82,82
5YR,4,0,107,107,107
5YR,5,0,136,136,136
5YR,6,0,162,162,162
5YR,7,0,181,181,181
5YR,8,0,202,202,202
5YR,9,0,232,232,232
5YR,10,0,255,255,255
2.5GY,0,0,0,0,0
2.5GY,1,0,34,34,34
2.5GY,2,0,58,58,58
2.5GY,3,0,82,82,82
2.5GY,4,0,107,107,107
2.5GY,5,0,136,136,136
2.5GY,6,0,162,162,162
2.5GY,7,0,181,181,181
2.5GY,8,0,202,202,202
2.5GY,9,0,232,232,232
2.5GY,10,0,255,255,255
7.5PB,0,0,0,0,0
7.5PB,1,0,34,34,34
7.5PB,2,0,58,58,58
7.5PB,3,0,82,82,82
7.5PB,4,0,107,107,107
7.5PB,5,0,136,136,136
7.5PB,6,0,162,162,162
7.5PB,7,0,181,181,181
7.5PB,8,0,202,202,202
7.5PB,9,0,232,232,232
7.5PB,10,0,255,255,255
7.5G,0,0,0,0,0
7.5G,1,0,34,34,34
7.5G,2,0,58,58,58
7.5G,3,0,82,82,82
7.5G,4,0,107,107,107
7.5G,5,0,136,136,136
7.5G,6,0,162,162,162
7.5G,7,0,181,181,181
7.5G,8,0,202,202,202
7.5G,9,0,232,232,232
7.5G,10,0,255,255,255
5GY,0,0,0,0,0
5GY,1,0,34,34,34
5GY,2,0,58,58,58
5GY,3,0,82,82,82
5GY,4,0,107,107,107
5GY,5,0,136,136,136
5GY,6,0,162,162,162
5GY,7,0,181,181,181
5GY,8,0,202,202,202
5GY,9,0,232,232,232
5GY,10,0,255,255,255
10YR,0,0,0,0,0
10YR,1,0,34,34,34
10YR,2,0,58,58,58
10YR,3,0,82,82,82
10YR,4,0,107,107,107
10YR,5,0,136,136,136
10YR,6,0,162,162,162
10YR,7,0,181,181,181
10YR,8,0,202,202,202
10YR,9,0,232,232,232
10YR,10,0,255,255,255
10BG,0,0,0,0,0
10BG,1,0,34,34,34
10BG,2,0,58,58,58
10BG,3,0,82,82,82
10BG,4,0,107,107,107
10BG,5,0,136,136,136
10BG,6,0,162,162,162
10BG,7,0,181,181,181
10BG,8,0,202,202,202
10BG,9,0,232,232,232
10BG,10,0,255,255,255
5PB,0,0,0,0,0
5PB,1,0,34,34,34
5PB,2,0,58,58,58
5PB,3,0,82,82,82
5PB,4,0,107,107,107
5PB,5,0,136,136,136
5PB,6,0,162,162,162
5PB,7,0,181,181,181
5PB,8,0,202,202,202
5PB,9,0,232,232,232
5PB,10,0,255,255,255
2.5B,0,0,0,0,0
2.5B,1,0,34,34,34
2.5B,2,0,58,58,58
2.5B,3,0,82,82,82
2.5B,4,0,107,107,107
2.5B,5,0,136,136,136
2.5B,6,0,162,162,162
2.5B,7,0,181,181,181
2.5B,8,0,202,202,202
2.5B,9,0,232,232,232
2.5B,10,0,255,255,255
5Y,0,0,0,0,0
5Y,1,0,34,34,34
5Y,2,0,58,58,58
5Y,3,0,82,82,82
5Y,4,0,107,107,107
5Y,5,0,136,136,136
5Y,6,0,162,162,162
5Y,7,0,181,181,181
5Y,8,0,202,202,202
5Y,9,0,232,232,232
5Y,10,0,255,255,255
10B,0,0,0,0,0
10B,1,0,34,34,34
10B,2,0,58,58,58
10B,3,0,82,82,82
10B,4,0,107,107,107
10B,5,0,136,136,136
10B,6,0,162,162,162
10B,7,0,181,181,181
10B,8,0,202,202,202
10B,9,0,232,232,232
10B,10,0,255,255,255
2.5YR,0,0,0,0,0
2.5YR,1,0,34,34,34
2.5YR,2,0,58,58,58
2.5YR,3,0,82,82,82
2.5YR,4,0,107,107,107
2.5YR,5,0,136,136,136
2.5YR,6,0,162,162,162
2.5YR,7,0,181,181,181
2.5YR,8,0,202,202,202
2.5YR,9,0,232,232,232
2.5YR,10,0,255,255,255
10Y,0,0,0,0,0
10Y,1,0,34,34,34
10Y,2,0,58,58,58
10Y,3,0,82,82,82
10Y,4,0,107,107,107
10Y,5,0,136,136,136
10Y,6,0,162,162,162
10Y,7,0,181,181,181
10Y,8,0,202,202,202
10Y,9,0,232,232,232
10Y,10,0,255,255,255
10GY,0,0,0,0,0
10GY,1,0,34,34,34
10GY,2,0,58,58,58
10GY,3,0,82,82,82
10GY,4,0,107,107,107
10GY,5,0,136,136,136
10GY,6,0,162,162,162
10GY,7,0,181,181,181
10GY,8,0,202,202,202
10GY,9,0,232,232,232
10GY,10,0,255,255,255
5G,0,0,0,0,0
5G,1,0,34,34,34
5G,2,0,58,58,58
5G,3,0,82,82,82
5G,4,0,107,107,107
5G,5,0,136,136,136
5G,6,0,162,162,162
5G,7,0,181,181,181
5G,8,0,202,202,202
5G,9,0,232,232,232
5G,10,0,255,255,255
5B,0,0,0,0,0
5B,1,0,34,34,34
5B,2,0,58,58,58
5B,3,0,82,82,82
5B,4,0,107,107,107
5B,5,0,136,136,136
5B,6,0,162,162,162
5B,7,0,181,181,181
5B,8,0,202,202,202
5B,9,0,232,232,232
5B,10,0,255,255,255
10R,0,0,0,0,0
10R,1,0,34,34,34
10R,2,0,58,58,58
10R,3,0,82,82,82
10R,4,0,107,107,107
10R,5,0,136,136,136
10R,6,0,162,162,162
10R,7,0,181,181,181
10R,8,0,202,202,202
10R,9,0,232,232,232
10R,10,0,255,255,255
10P,0,0,0,0,0
10P,1,0,34,34,34
10P,2,0,58,58,58
10P,3,0,82,82,82
10P,4,0,107,107,107
10P,5,0,136,136,136
10P,6,0,162,162,162
10P,7,0,181,181,181
10P,8,0,202,202,202
10P,9,0,232,232,232
10P,10,0,255,255,255
5P,0,0,0,0,0
5P,1,0,34,34,34
5P,2,0,58,58,58
5P,3,0,82,82,82
5P,4,0,107,107,107
5P,5,0,136,136,136
5P,6,0,162,162,162
5P,7,0,181,181,181
5P,8,0,202,202,202
5P,9,0,232,232,232
5P,10,0,255,255,255
2.5P,0,0,0,0,0
2.5P,1,0,34,34,34
2.5P,2,0,58,58,58
2.5P,3,0,82,82,82
2.5P,4,0,107,107,107
2.5P,5,0,136,136,136
2.5P,6,0,162,162,162
2.5P,7,0,181,181,181
2.5P,8,0,202,202,202
2.5P,9,0,232,232,232
2.5P,10,0,255,255,255
10G,0,0,0,0,0
10G,1,0,34,34,34
10G,2,0,58,58,58
10G,3,0,82,82,82
10G,4,0,107,107,107
10G,5,0,136,136,136
10G,6,0,162,162,162
10G,7,0,181,181,181
10G,8,0,202,202,202
10G,9,0,232,232,232
10G,10,0,255,255,255
2.5RP,0,0,0,0,0
2.5RP,1,0,34,34,34
2.5RP,2,0,58,58,58
2.5RP,3,0,82,82,82
2.5RP,4,0,107,107,107
2.5RP,5,0,136,136,136
2.5RP,6,0,162,162,162
2.5RP,7,0,181,181,181
2.5RP,8,0,202,202,202
2.5RP,9,0,232,232,232
2.5RP,10,0,255,255,255
7.5RP,0,0,0,0,0
7.5RP,1,0,34,34,34
7.5RP,2,0,58,58,58
7.5RP,3,0,82,82,82
7.5RP,4,0,107,107,107
7.5RP,5,0,136,136,136
7.5RP,6,0,162,162,162
7.5RP,7,0,181,181,181
7.5RP,8,0,202,202,202
7.5RP,9,0,232,232,232
7.5RP,10,0,255,255,255
10RP,0,0,0,0,0
10RP,1,0,34,34,34
10RP,2,0,58,58,58
10RP,3,0,82,82,82
10RP,4,0,107,107,107
10RP,5,0,136,136,136
10RP,6,0,162,162,162
10RP,7,0,181,181,181
10RP,8,0,202,202,202
10RP,9,0,232,232,232
10RP,10,0,255,255,255
5R,0,0,0,0,0
5R,1,0,34,34,34
5R,2,0,58,58,58
5R,3,0,82,82,82
5R,4,0,107,107,107
5R,5,0,136,136,136
5R,6,0,162,162,162
5R,7,0,181,181,181
5R,8,0,202,202,202
5R,9,0,232,232,232
5R,10,0,255,255,255
5BG,0,0,0,0,0
5BG,1,0,34,34,34
5BG,2,0,58,58,58
5BG,3,0,82,82,82
5BG,4,0,107,107,107
5BG,5,0,136,136,136
5BG,6,0,162,162,162
5BG,7,0,181,181,181
5BG,8,0,202,202,202
5BG,9,0,232,232,232
5BG,10,0,255,255,255
7.5Y,0,0,0,0,0
7.5Y,1,0,34,34,34
7.5Y,2,0,58,58,58
7.5Y,3,0,82,82,82
7.5Y,4,0,107,107,107
7.5Y,5,0,136,136,136
7.5Y,6,0,162,162,162
7.5Y,7,0,181,181,181
7.5Y,8,0,202,202,202
7.5Y,9,0,232,232,232
7.5Y,10,0,255,255,255
7.5P,0,0,0,0,0
7.5P,1,0,34,34,34
7.5P,2,0,58,58,58
7.5P,3,0,82,82,82
7.5P,4,0,107,107,107
7.5P,5,0,136,136,136
7.5P,6,0,162,162,162
7.5P,7,0,181,181,181
7.5P,8,0,202,202,202
7.5P,9,0,232,232,232
7.5P,10,0,255,255,255
2.5PB,0,0,0,0,0
2.5PB,1,0,34,34,34
2.5PB,2,0,58,58,58
2.5PB,3,0,82,82,82
2.5PB,4,0,107,107,107
2.5PB,5,0,136,136,136
2.5PB,6,0,162,162,162
2.5PB,7,0,181,181,181
2.5PB,8,0,202,202,202
2.5PB,9,0,232,232,232
2.5PB,10,0,255,255,255
2.5Y,0,0,0,0,0
2.5Y,1,0,34,34,34
2.5Y,2,0,58,58,58
2.5Y,3,0,82,82,82
2.5Y,4,0,107,107,107
2.5Y,5,0,136,136,136
2.5Y,6,0,162,162,162
2.5Y,7,0,181,181,181
2.5Y,8,0,202,202,202
2.5Y,9,0,232,232,232
2.5Y,10,0,255,255,255
7.5R,0,0,0,0,0
7.5R,1,0,34,34,34
7.5R,2,0,58,58,58
7.5R,3,0,82,82,82
7.5R,4,0,107,107,107
7.5R,5,0,136,136,136
7.5R,6,0,162,162,162
7.5R,7,0,181,181,181
7.5R,8,0,202,202,202
7.5R,9,0,232,232,232
7.5R,10,0,255,255,255
7.5YR,0,0,0,0,0
7.5YR,1,0,34,34,34
7.5YR,2,0,58,58,58
7.5YR,3,0,82,82,82
7.5YR,4,0,107,107,107
7.5YR,5,0,136,136,136
7.5YR,6,0,162,162,162
7.5YR,7,0,181,181,181
7.5YR,8,0,202,202,202
7.5YR,9,0,232,232,232
7.5YR,10,0,255,255,255
2.5G,0,0,0,0,0
2.5G,1,0,34,34,34
2.5G,2,0,58,58,58
2.5G,3,0,82,82,82
2.5G,4,0,107,107,107
2.5G,5,0,136,136,136
2.5G,6,0,162,162,162
2.5G,7,0,181,181,181
2.5G,8,0,202,202,202
2.5G,9,0,232,232,232
2.5G,10,0,255,255,255
10RP,1,3,48,33,18
10RP,1,5,56,36,9
2.5R,1,3,49,30,18
2.5R,1,5,58,31,7
5R,1,3,50,27,18
7.5R,1,3,51,24,18
10R,1,3,51,20,18
2.5YR,1,3,50,15,19
2.5YR,1,5,60,6,9
7.5GY,1,3,14,11,33
5PB,1,3,16,48,29
7.5PB,1,3,25,48,26
7.5PB,1,5,23,59,24
7.5PB,1,7,22,70,21
7.5PB,1,9,24,79,16
7.5PB,1,11,26,88,9
10PB,1,3,32,48,24
10PB,1,5,34,57,21
10PB,1,7,36,66,17
10PB,1,9,39,74,10
2.5P,1,3,36,46,23
2.5P,1,5,40,54,19
2.5P,1,7,44,62,13
5P,1,3,38,45,22
5P,1,5,43,52,17
5P,1,7,48,59,9
7.5P,1,3,41,43,21
7.5P,1,5,46,50,15
10P,1,3,42,42,20
10P,1,5,48,48,14
2.5RP,1,3,44,40,20
2.5RP,1,5,51,46,13
5RP,1,3,46,38,19
5RP,1,5,53,42,11
7.5RP,1,3,47,36,18
7.5RP,1,5,55,39,9
10RP,2,3,70,50,40
10RP,2,5,80,51,33
10RP,2,7,90,53,23
2.5R,2,3,71,47,40
2.5R,2,5,82,46,33
2.5R,2,7,92,46,21
5R,2,3,72,44,40
5R,2,5,83,41,33
5R,2,7,93,39,21
7.5R,2,3,72,41,40
7.5R,2,5,83,36,33
7.5R,2,7,93,31,23
10R,2,3,72,38,41
10R,2,5,83,30,34
10R,2,7,93,22,25
2.5YR,2,3,71,34,42
2.5YR,2,5,82,23,36
5YR,2,3,69,30,43
5YR,2,5,79,12,38
7.5YR,2,3,67,26,44
10YR,2,3,65,23,46
2.5Y,2,3,61,19,47
5Y,2,3,59,17,48
7.5Y,2,3,56,16,50
10Y,2,3,52,19,50
2.5GY,2,3,47,24,52
5GY,2,3,43,28,53
7.5GY,2,3,38,33,53
7.5GY,2,5,27,16,56
10GY,2,3,34,37,54
10GY,2,5,15,27,57
2.5G,2,3,30,41,54
5G,2,3,27,43,54
7.5G,2,3,25,45,54
10G,2,3,21,47,55
2.5BG,2,3,17,50,54
7.5B,2,3,19,66,53
10B,2,3,26,68,52
2.5PB,2,3,32,69,50
5PB,2,3,38,69,49
5PB,2,5,25,82,50
7.5PB,2,3,45,70,47
7.5PB,2,5,42,82,46
7.5PB,2,7,39,94,44
7.5PB,2,9,37,106,41
7.5PB,2,11,36,117,38
7.5PB,2,13,37,127,33
7.5PB,2,15,39,136,26
7.5PB,2,17,42,146,15
10PB,2,3,51,69,46
10PB,2,5,53,80,43
10PB,2,7,55,90,40
10PB,2,9,57,101,35
10PB,2,11,59,110,30
10PB,2,13,63,119,22
2.5P,2,3,55,67,44
2.5P,2,5,59,76,41
2.5P,2,7,63,86,37
2.5P,2,9,68,95,31
2.5P,2,11,73,104,23
5P,2,3,59,65,44
5P,2,5,64,73,40
5P,2,7,69,82,34
5P,2,9,75,91,27
5P,2,11,81,99,16
7.5P,2,3,61,63,43
7.5P,2,5,68,70,38
7.5P,2,7,74,78,32
7.5P,2,9,81,86,23
10P,2,3,63,61,42
10P,2,5,70,68,37
10P,2,7,78,74,30
10P,2,9,85,81,19
2.5RP,2,3,66,58,41
2.5RP,2,5,74,63,36
2.5RP,2,7,82,69,27
2.5RP,2,9,91,74,12
5RP,2,3,68,55,41
5RP,2,5,77,59,35
5RP,2,7,86,63,26
7.5RP,2,3,69,53,41
7.5RP,2,5,78,55,34
7.5RP,2,7,88,58,24
10RP,3,3,97,69,62
10RP,3,5,110,68,55
10RP,3,7,122,67,45
10RP,3,9,133,66,31
2.5R,3,3,98,66,62
2.5R,3,5,111,62,55
2.5R,3,7,123,59,45
2.5R,3,9,135,56,31
5R,3,3,99,63,62
5R,3,5,112,57,55
5R,3,7,124,51,46
5R,3,9,135,45,33
7.5R,3,3,99,59,63
7.5R,3,5,112,51,56
7.5R,3,7,123,43,48
7.5R,3,9,134,34,36
10R,3,3,98,57,64
10R,3,5,111,46,57
10R,3,7,122,35,49
10R,3,9,132,23,39
2.5YR,3,3,97,53,64
2.5YR,3,5,108,39,59
2.5YR,3,7,118,23,53
5YR,3,3,95,49,66
5YR,3,5,105,33,61
7.5YR,3,3,93,46,67
7.5YR,3,5,101,27,64
10YR,3,3,89,44,69
10YR,3,5,97,21,66
2.5Y,3,3,86,41,70
5Y,3,3,82,41,71
7.5Y,3,3,79,40,73
10Y,3,3,75,41,74
2.5GY,3,3,70,43,75
5GY,3,3,66,46,76
5GY,3,5,61,24,78
7.5GY,3,3,60,52,77
7.5GY,3,5,50,35,80
10GY,3,3,55,57,78
10GY,3,5,40,44,81
2.5G,3,3,50,61,78
2.5G,3,5,23,54,82
5G,3,3,47,64,79
7.5G,3,3,44,67,79
10G,3,3,41,70,79
2.5BG,3,3,39,73,79
5BG,3,3,35,77,79
7.5BG,3,3,33,80,79
10BG,3,3,33,84,78
2.5B,3,3,33,87,78
5B,3,3,37,89,77
7.5B,3,3,42,91,76
10B,3,3,48,93,75
2.5PB,3,3,54,94,74
2.5PB,3,5,35,107,75
5PB,3,3,60,95,73
5PB,3,5,49,108,73
5PB,3,7,31,121,73
7.5PB,3,3,68,95,70
7.5PB,3,5,64,108,69
7.5PB,3,7,60,121,68
7.5PB,3,9,56,133,66
7.5PB,3,11,52,145,63
7.5PB,3,13,50,157,60
7.5PB,3,15,50,169,55
7.5PB,3,17,50,180,50
7.5PB,3,19,52,189,44
7.5PB,3,21,54,199,36
7.5PB,3,23,57,210,22
10PB,3,3,74,94,69
10PB,3,5,75,106,66
10PB,3,7,76,117,63
10PB,3,9,78,129,60
10PB,3,11,80,140,56
10PB,3,13,82,150,51
10PB,3,15,86,161,44
10PB,3,17,89,170,35
10PB,3,19,93,179,23
2.5P,3,3,79,93,67
2.5P,3,5,83,104,64
2.5P,3,7,87,114,60
2.5P,3,9,91,124,55
2.5P,3,11,96,133,49
2.5P,3,13,100,142,42
2.5P,3,15,105,151,32
2.5P,3,17,110,160,15
5P,3,3,83,91,66
5P,3,5,88,100,62
5P,3,7,94,109,57
5P,3,9,100,118,51
5P,3,11,106,127,44
5P,3,13,112,136,34
5P,3,15,118,144,18
7.5P,3,3,86,88,65
7.5P,3,5,93,96,60
7.5P,3,7,101,104,54
7.5P,3,9,108,113,47
7.5P,3,11,114,121,38
7.5P,3,13,121,129,24
10P,3,3,89,85,64
10P,3,5,98,92,59
10P,3,7,106,99,52
10P,3,9,114,106,43
10P,3,11,122,113,31
2.5RP,3,3,92,81,64
2.5RP,3,5,102,86,57
2.5RP,3,7,112,91,49
2.5RP,3,9,121,96,39
2.5RP,3,11,130,102,24
5RP,3,3,94,76,63
5RP,3,5,106,79,56
5RP,3,7,117,83,47
5RP,3,9,127,86,36
7.5RP,3,3,96,73,62
7.5RP,3,5,108,74,55
7.5RP,3,7,120,75,46
7.5RP,3,9,131,77,33
10RP,4,3,122,93,88
10RP,4,5,135,91,81
10RP,4,7,148,89,73
10RP,4,9,160,88,64
10RP,4,11,171,87,52
10RP,4,13,182,86,34
2.5R,4,3,122,90,88
2.5R,4,5,137,86,81
2.5R,4,7,150,82,73
2.5R,4,9,162,79,64
2.5R,4,11,173,75,52
2.5R,4,13,184,72,33
5R,4,3,123,86,88
5R,4,5,138,80,81
5R,4,7,151,73,74
5R,4,9,162,67,65
5R,4,11,173,61,54
5R,4,13,184,55,37
7.5R,4,3,124,84,88
7.5R,4,5,138,75,81
7.5R,4,7,151,66,74
7.5R,4,9,162,57,66
7.5R,4,11,173,48,56
7.5R,4,13,183,38,42
10R,4,3,124,80,89
10R,4,5,138,68,83
10R,4,7,150,56,76
10R,4,9,161,43,69
10R,4,11,170,27,60
2.5YR,4,3,123,76,89
2.5YR,4,5,136,62,84
2.5YR,4,7,147,46,79
2.5YR,4,9,156,26,73
5YR,4,3,121,72,90
5YR,4,5,133,55,86
5YR,4,7,142,37,82
7.5YR,4,3,120,68,91
7.5YR,4,5,130,49,88
7.5YR,4,7,137,27,85
10YR,4,3,116,65,93
10YR,4,5,125,43,91
2.5Y,4,3,112,62,95
2.5Y,4,5,120,38,93
5Y,4,3,108,61,96
5Y,4,5,114,35,95
7.5Y,4,3,105,60,98
7.5Y,4,5,108,32,98
10Y,4,3,100,61,99
10Y,4,5,102,32,100
2.5GY,4,3,95,64,100
2.5GY,4,5,94,37,102
5GY,4,3,91,67,101
5GY,4,5,86,44,104
7.5GY,4,3,84,73,102
7.5GY,4,5,74,55,105
7.5GY,4,7,63,32,108
10GY,4,3,79,78,103
10GY,4,5,64,64,107
10GY,4,7,45,49,110
2.5G,4,3,73,84,104
2.5G,4,5,50,76,108
5G,4,3,70,88,104
5G,4,5,41,82,109
7.5G,4,3,68,91,104
7.5G,4,5,30,87,109
10G,4,3,66,94,104
2.5BG,4,3,63,97,104
5BG,4,3,62,101,104
7.5BG,4,3,61,104,104
10BG,4,3,61,108,104
2.5B,4,3,62,111,103
5B,4,3,66,113,102
7.5B,4,3,70,115,101
7.5B,4,5,42,128,104
10B,4,3,75,116,100
10B,4,5,54,129,102
2.5PB,4,3,80,117,99
2.5PB,4,5,66,130,100
2.5PB,4,7,43,144,100
5PB,4,3,86,118,97
5PB,4,5,76,131,98
5PB,4,7,63,145,98
5PB,4,9,43,158,98
7.5PB,4,3,92,118,95
7.5PB,4,5,89,131,94
7.5PB,4,7,85,144,93
7.5PB,4,9,80,157,92
7.5PB,4,11,74,170,90
7.5PB,4,13,70,183,88
7.5PB,4,15,66,195,85
7.5PB,4,17,63,208,82
7.5PB,4,19,61,222,77
7.5PB,4,21,61,233,72
7.5PB,4,23,62,244,66
7.5PB,4,25,64,252,59
10PB,4,3,98,118,94
10PB,4,5,98,130,92
10PB,4,7,99,142,89
10PB,4,9,100,154,87
10PB,4,11,101,166,84
10PB,4,13,102,177,80
10PB,4,15,104,188,75
10PB,4,17,107,198,70
10PB,4,19,111,210,63
10PB,4,21,114,220,56
10PB,4,23,118,229,47
10PB,4,25,122,239,32
2.5P,4,3,102,116,92
2.5P,4,5,106,127,90
2.5P,4,7,110,138,87
2.5P,4,9,114,148,83
2.5P,4,11,118,159,78
2.5P,4,13,122,169,73
2.5P,4,15,127,178,66
2.5P,4,17,132,188,59
2.5P,4,19,137,198,49
2.5P,4,21,142,207,36
5P,4,3,106,114,92
5P,4,5,112,124,88
5P,4,7,117,133,84
5P,4,9,123,143,79
5P,4,11,129,152,74
5P,4,13,135,161,67
5P,4,15,141,170,59
5P,4,17,147,179,49
5P,4,19,153,188,35
7.5P,4,3,110,111,91
7.5P,4,5,118,120,86
7.5P,4,7,125,128,81
7.5P,4,9,132,136,76
7.5P,4,11,139,144,69
7.5P,4,13,146,152,61
7.5P,4,15,154,160,50
7.5P,4,17,161,169,35
10P,4,3,114,108,89
10P,4,5,123,115,84
10P,4,7,132,122,79
10P,4,9,140,128,72
10P,4,11,148,135,65
10P,4,13,156,142,55
10P,4,15,164,148,42
2.5RP,4,3,116,104,89
2.5RP,4,5,127,109,83
2.5RP,4,7,138,114,76
2.5RP,4,9,147,119,69
2.5RP,4,11,156,124,60
2.5RP,4,13,165,129,48
2.5RP,4,15,174,134,31
5RP,4,3,119,100,89
5RP,4,5,131,102,82
5RP,4,7,143,105,75
5RP,4,9,153,107,67
5RP,4,11,163,110,56
5RP,4,13,173,113,42
7.5RP,4,3,121,97,88
7.5RP,4,5,134,97,81
7.5RP,4,7,147,97,74
7.5RP,4,9,158,97,65
7.5RP,4,11,168,98,54
7.5RP,4,13,178,99,38
10RP,5,3,147,118,115
10RP,5,5,162,116,108
10RP,5,7,176,113,101
10RP,5,9,189,111,92
10RP,5,11,201,109,82
10RP,5,13,213,108,70
10RP,5,15,224,107,54
2.5R,5,3,147,116,115
2.5R,5,5,163,111,108
2.5R,5,7,177,106,101
2.5R,5,9,190,102,92
2.5R,5,11,203,98,82
2.5R,5,13,215,94,70
2.5R,5,15,226,91,54
5R,5,3,148,113,115
5R,5,5,164,105,108
5R,5,7,178,98,101
5R,5,9,191,91,92
5R,5,11,204,84,82
5R,5,13,216,78,71
5R,5,15,226,71,56
5R,5,17,238,64,27
7.5R,5,3,148,110,115
7.5R,5,5,164,100,108
7.5R,5,7,179,90,101
7.5R,5,9,192,80,93
7.5R,5,11,204,69,84
7.5R,5,13,215,59,73
7.5R,5,15,225,48,60
7.5R,5,17,235,36,42
10R,5,3,149,105,115
10R,5,5,164,92,109
10R,5,7,178,79,103
10R,5,9,190,65,96
10R,5,11,201,48,88
10R,5,13,211,29,80
2.5YR,5,3,148,102,115
2.5YR,5,5,163,87,110
2.5YR,5,7,176,70,105
2.5YR,5,9,186,51,99
2.5YR,5,11,195,28,94
5YR,5,3,147,97,117
5YR,5,5,160,79,112
5YR,5,7,171,60,108
5YR,5,9,180,37,104
7.5YR,5,3,145,94,117
7.5YR,5,5,157,74,114
7.5YR,5,7,167,51,111
10YR,5,3,142,90,119
10YR,5,5,152,67,116
10YR,5,7,160,41,114
2.5Y,5,3,138,87,120
2.5Y,5,5,147,61,119
2.5Y,5,7,153,30,117
5Y,5,3,134,85,122
5Y,5,5,141,58,121
7.5Y,5,3,131,85,124
7.5Y,5,5,135,56,124
10Y,5,3,127,85,125
10Y,5,5,129,57,126
2.5GY,5,3,121,88,126
2.5GY,5,5,120,62,128
5GY,5,3,117,92,127
5GY,5,5,112,68,130
5GY,5,7,108,39,132
7.5GY,5,3,110,97,128
7.5GY,5,5,101,79,132
7.5GY,5,7,91,58,135
7.5GY,5,9,80,28,137
10GY,5,3,104,103,130
10GY,5,5,91,88,133
10GY,5,7,75,73,137
10GY,5,9,53,56,140
2.5G,5,3,98,108,130
2.5G,5,5,79,99,135
2.5G,5,7,51,90,138
5G,5,3,95,113,130
5G,5,5,72,107,135
7.5G,5,3,93,116,130
7.5G,5,5,67,112,135
10G,5,3,91,119,130
10G,5,5,63,117,135
2.5BG,5,3,89,122,130
2.5BG,5,5,59,122,135
5BG,5,3,88,126,130
5BG,5,5,54,129,135
7.5BG,5,3,88,130,130
7.5BG,5,5,51,134,134
10BG,5,3,88,133,130
10BG,5,5,50,141,134
2.5B,5,3,90,136,129
2.5B,5,5,54,145,133
5B,5,3,93,138,128
5B,5,5,63,150,131
7.5B,5,3,97,140,127
7.5B,5,5,73,153,130
10B,5,3,101,141,126
10B,5,5,82,154,128
10B,5,7,53,168,130
2.5PB,5,3,107,142,125
2.5PB,5,5,93,156,126
2.5PB,5,7,75,170,127
2.5PB,5,9,46,184,128
5PB,5,3,112,143,123
5PB,5,5,103,157,124
5PB,5,7,91,171,124
5PB,5,9,76,185,124
5PB,5,11,52,199,125
7.5PB,5,3,118,142,122
7.5PB,5,5,114,156,121
7.5PB,5,7,110,170,120
7.5PB,5,9,105,183,118
7.5PB,5,11,100,197,117
7.5PB,5,13,93,211,116
7.5PB,5,15,86,225,114
7.5PB,5,17,80,239,111
7.5PB,5,19,74,251,107
10PB,5,3,123,142,120
10PB,5,5,123,155,118
10PB,5,7,124,168,116
10PB,5,9,124,180,113
10PB,5,11,124,192,110
10PB,5,13,125,205,107
10PB,5,15,126,218,104
10PB,5,17,128,229,100
10PB,5,19,130,241,95
10PB,5,21,133,251,89
2.5P,5,3,127,141,119
2.5P,5,5,130,153,116
2.5P,5,7,134,165,113
2.5P,5,9,138,176,109
2.5P,5,11,142,186,106
2.5P,5,13,146,197,101
2.5P,5,15,151,207,96
2.5P,5,17,155,217,90
2.5P,5,19,160,227,83
2.5P,5,21,165,238,75
2.5P,5,23,170,248,65
2.5P,5,25,176,254,51
5P,5,3,131,138,118
5P,5,5,137,149,115
5P,5,7,143,160,111
5P,5,9,148,170,106
5P,5,11,154,180,101
5P,5,13,160,189,96
5P,5,15,166,198,90
5P,5,17,172,207,83
5P,5,19,178,216,74
5P,5,21,184,226,63
5P,5,23,190,235,48
5P,5,25,197,244,20
7.5P,5,3,135,135,117
7.5P,5,5,143,144,112
7.5P,5,7,152,153,107
7.5P,5,9,159,162,102
7.5P,5,11,166,170,96
7.5P,5,13,174,178,89
7.5P,5,15,181,186,82
7.5P,5,17,188,194,72
7.5P,5,19,196,203,60
7.5P,5,21,204,211,43
10P,5,3,138,132,116
10P,5,5,148,139,111
10P,5,7,159,146,105
10P,5,9,168,153,99
10P,5,11,176,160,92
10P,5,13,185,167,84
10P,5,15,193,173,75
10P,5,17,202,180,63
10P,5,19,210,187,46
2.5RP,5,3,141,129,116
2.5RP,5,5,153,134,110
2.5RP,5,7,165,139,103
2.5RP,5,9,175,144,96
2.5RP,5,11,185,148,88
2.5RP,5,13,195,153,79
2.5RP,5,15,204,158,68
2.5RP,5,17,213,163,53
2.5RP,5,19,222,168,25
5RP,5,3,144,125,115
5RP,5,5,157,127,109
5RP,5,7,170,129,102
5RP,5,9,182,131,94
5RP,5,11,193,133,85
5RP,5,13,204,136,74
5RP,5,15,215,138,60
5RP,5,17,225,141,40
7.5RP,5,3,145,121,115
7.5RP,5,5,160,121,108
7.5RP,5,7,173,121,101
7.5RP,5,9,186,121,93
7.5RP,5,11,198,121,83
7.5RP,5,13,209,122,71
7.5RP,5,15,219,123,57
7.5RP,5,17,230,124,32
10RP,6,3,172,144,141
10RP,6,5,188,141,135
10RP,6,7,202,138,128
10RP,6,9,215,136,121
10RP,6,11,228,133,112
10RP,6,13,241,131,102
10RP,6,15,251,129,89
10RP,6,17,255,127,73
2.5R,6,3,173,141,141
2.5R,6,5,190,136,135
2.5R,6,7,204,131,128
2.5R,6,9,218,126,121
2.5R,6,11,231,121,112
2.5R,6,13,243,117,102
2.5R,6,15,252,113,89
2.5R,6,17,255,109,73
5R,6,3,174,139,141
5R,6,5,191,131,135
5R,6,7,205,124,128
5R,6,9,219,117,121
5R,6,11,232,109,112
5R,6,13,245,102,102
5R,6,15,253,95,90
5R,6,17,255,88,76
7.5R,6,3,175,135,141
7.5R,6,5,191,125,135
7.5R,6,7,206,116,128
7.5R,6,9,220,105,121
7.5R,6,11,233,94,113
7.5R,6,13,244,83,104
7.5R,6,15,252,71,94
7.5R,6,17,255,58,81
10R,6,3,175,131,141
10R,6,5,191,118,136
10R,6,7,205,105,130
10R,6,9,218,91,123
10R,6,11,230,75,116
10R,6,13,241,57,109
10R,6,15,251,33,101
2.5YR,6,3,175,127,142
2.5YR,6,5,190,112,137
2.5YR,6,7,203,96,131
2.5YR,6,9,215,78,126
2.5YR,6,11,225,58,121
2.5YR,6,13,234,28,115
5YR,6,3,174,122,143
5YR,6,5,187,104,139
5YR,6,7,199,85,134
5YR,6,9,209,64,130
5YR,6,11,217,37,126
7.5YR,6,3,172,119,144
7.5YR,6,5,184,99,140
7.5YR,6,7,194,76,137
7.5YR,6,9,203,50,134
10YR,6,3,168,115,145
10YR,6,5,179,92,143
10YR,6,7,188,67,141
10YR,6,9,195,35,139
2.5Y,6,3,165,112,147
2.5Y,6,5,174,87,145
2.5Y,6,7,181,59,144
5Y,6,3,160,109,149
5Y,6,5,167,83,148
5Y,6,7,172,52,147
7.5Y,6,3,157,109,150
7.5Y,6,5,161,81,150
7.5Y,6,7,164,48,151
10Y,6,3,153,109,151
10Y,6,5,155,82,152
10Y,6,7,157,48,153
2.5GY,6,3,148,111,153
2.5GY,6,5,147,85,154
2.5GY,6,7,146,54,156
5GY,6,3,143,114,153
5GY,6,5,139,91,156
5GY,6,7,134,65,159
7.5GY,6,3,135,120,155
7.5GY,6,5,126,102,158
7.5GY,6,7,117,81,161
7.5GY,6,9,106,56,164
10GY,6,3,129,126,156
10GY,6,5,116,111,160
10GY,6,7,101,96,164
10GY,6,9,83,80,167
10GY,6,11,60,62,170
2.5G,6,3,123,133,157
2.5G,6,5,104,123,162
2.5G,6,7,82,113,166
2.5G,6,9,44,104,169
5G,6,3,119,137,157
5G,6,5,96,131,162
5G,6,7,67,125,166
7.5G,6,3,117,140,157
7.5G,6,5,92,136,162
7.5G,6,7,57,133,166
10G,6,3,115,144,157
10G,6,5,88,142,162
10G,6,7,42,140,167
2.5BG,6,3,113,147,157
2.5BG,6,5,85,147,162
5BG,6,3,112,152,157
5BG,6,5,81,154,162
7.5BG,6,3,112,155,157
7.5BG,6,5,79,160,162
10BG,6,3,113,159,156
10BG,6,5,80,166,161
2.5B,6,3,115,161,156
2.5B,6,5,83,171,160
5B,6,3,119,164,155
5B,6,5,91,175,158
7.5B,6,3,123,166,153
7.5B,6,5,100,178,156
7.5B,6,7,66,191,159
10B,6,3,128,166,152
10B,6,5,109,180,155
10B,6,7,85,194,157
2.5PB,6,3,133,167,151
2.5PB,6,5,120,181,152
2.5PB,6,7,103,196,153
2.5PB,6,9,82,211,154
5PB,6,3,138,168,149
5PB,6,5,129,182,150
5PB,6,7,118,197,150
5PB,6,9,104,212,151
5PB,6,11,84,227,151
5PB,6,13,47,243,152
7.5PB,6,3,144,168,148
7.5PB,6,5,140,182,147
7.5PB,6,7,135,196,146
7.5PB,6,9,130,210,145
7.5PB,6,11,124,225,144
7.5PB,6,13,117,241,142
10PB,6,3,149,167,147
10PB,6,5,148,181,145
10PB,6,7,148,194,143
10PB,6,9,148,206,141
10PB,6,11,148,220,138
10PB,6,13,148,235,135
10PB,6,15,149,248,131
2.5P,6,3,152,166,145
2.5P,6,5,155,178,143
2.5P,6,7,159,191,140
2.5P,6,9,162,203,136
2.5P,6,11,166,214,133
2.5P,6,13,171,226,128
2.5P,6,15,176,238,123
2.5P,6,17,181,249,118
5P,6,3,156,164,144
5P,6,5,162,175,141
5P,6,7,167,186,137
5P,6,9,173,196,133
5P,6,11,179,207,129
5P,6,13,185,217,124
5P,6,15,191,228,118
5P,6,17,197,238,111
5P,6,19,203,248,104
7.5P,6,3,161,161,143
7.5P,6,5,169,170,139
7.5P,6,7,178,179,134
7.5P,6,9,186,187,129
7.5P,6,11,194,196,124
7.5P,6,13,202,204,117
7.5P,6,15,210,213,110
7.5P,6,17,217,221,102
7.5P,6,19,225,231,92
7.5P,6,21,234,240,78
7.5P,6,23,243,249,61
10P,6,3,164,158,143
10P,6,5,174,165,138
10P,6,7,184,172,132
10P,6,9,194,178,127
10P,6,11,203,185,120
10P,6,13,213,192,112
10P,6,15,222,199,104
10P,6,17,231,206,95
10P,6,19,240,214,82
10P,6,21,249,221,66
10P,6,23,254,228,43
2.5RP,6,3,167,155,142
2.5RP,6,5,179,159,137
2.5RP,6,7,190,164,131
2.5RP,6,9,201,168,124
2.5RP,6,11,212,173,117
2.5RP,6,13,223,178,108
2.5RP,6,15,234,183,98
2.5RP,6,17,244,188,87
2.5RP,6,19,252,193,72
2.5RP,6,21,255,198,52
5RP,6,3,169,150,141
5RP,6,5,183,152,135
5RP,6,7,197,154,129
5RP,6,9,208,155,122
5RP,6,11,220,157,114
5RP,6,13,232,160,105
5RP,6,15,243,162,94
5RP,6,17,252,165,80
5RP,6,19,255,168,60
5RP,6,21,255,171,25
7.5RP,6,3,170,147,141
7.5RP,6,5,186,146,135
7.5RP,6,7,200,146,129
7.5RP,6,9,212,146,122
7.5RP,6,11,225,146,113
7.5RP,6,13,237,146,103
7.5RP,6,15,249,147,91
7.5RP,6,17,255,147,76
7.5RP,6,19,255,149,54
10RP,7,3,198,170,168
10RP,7,5,214,167,162
10RP,7,7,230,164,155
10RP,7,9,245,160,147
10RP,7,11,253,157,138
10RP,7,13,255,155,128
10RP,7,15,255,152,116
2.5R,7,3,199,168,168
2.5R,7,5,216,162,161
2.5R,7,7,232,157,154
2.5R,7,9,247,151,147
2.5R,7,11,254,146,138
2.5R,7,13,255,140,128
2.5R,7,15,255,135,116
5R,7,3,200,165,168
5R,7,5,217,157,161
5R,7,7,233,149,154
5R,7,9,248,142,147
5R,7,11,255,134,138
5R,7,13,255,126,129
7.5R,7,3,202,161,168
7.5R,7,5,218,151,162
7.5R,7,7,234,140,155
7.5R,7,9,249,129,148
7.5R,7,11,255,118,140
7.5R,7,13,255,106,131
7.5R,7,15,255,93,121
10R,7,3,202,157,168
10R,7,5,219,144,162
10R,7,7,234,130,156
10R,7,9,248,116,150
10R,7,11,254,100,143
10R,7,13,255,82,136
10R,7,15,255,61,128
2.5YR,7,3,201,153,168
2.5YR,7,5,217,136,163
2.5YR,7,7,232,120,158
2.5YR,7,9,244,103,153
2.5YR,7,11,252,83,147
2.5YR,7,13,255,58,142
5YR,7,3,200,148,169
5YR,7,5,215,129,165
5YR,7,7,227,110,161
5YR,7,9,238,90,157
5YR,7,11,248,65,153
7.5YR,7,3,199,144,170
7.5YR,7,5,212,123,167
7.5YR,7,7,222,102,164
7.5YR,7,9,231,78,161
7.5YR,7,11,239,47,158
10YR,7,3,196,139,172
10YR,7,5,207,116,170
10YR,7,7,216,92,167
10YR,7,9,223,65,165
2.5Y,7,3,192,137,173
2.5Y,7,5,201,112,172
2.5Y,7,7,208,85,170
2.5Y,7,9,214,53,169
5Y,7,3,187,134,175
5Y,7,5,193,107,175
5Y,7,7,199,79,174
5Y,7,9,204,40,174
7.5Y,7,3,183,133,176
7.5Y,7,5,188,106,177
7.5Y,7,7,191,77,177
10Y,7,3,180,134,177
10Y,7,5,182,107,178
10Y,7,7,184,77,179
2.5GY,7,3,174,135,179
2.5GY,7,5,174,110,181
2.5GY,7,7,173,82,182
2.5GY,7,9,172,39,184
5GY,7,3,170,138,180
5GY,7,5,166,115,183
5GY,7,7,162,90,185
5GY,7,9,158,58,187
7.5GY,7,3,161,145,182
7.5GY,7,5,153,126,185
7.5GY,7,7,144,106,188
7.5GY,7,9,134,83,191
7.5GY,7,11,123,53,194
10GY,7,3,155,151,183
10GY,7,5,142,136,187
10GY,7,7,128,121,191
10GY,7,9,112,104,194
10GY,7,11,92,86,198
10GY,7,13,66,66,201
2.5G,7,3,148,158,184
2.5G,7,5,131,148,188
2.5G,7,7,110,138,193
2.5G,7,9,83,127,197
5G,7,3,145,163,184
5G,7,5,124,156,189
5G,7,7,98,150,193
5G,7,9,54,145,198
7.5G,7,3,143,166,184
7.5G,7,5,120,162,189
7.5G,7,7,91,158,193
10G,7,3,141,170,184
10G,7,5,116,167,189
10G,7,7,83,165,194
2.5BG,7,3,140,173,184
2.5BG,7,5,114,172,189
2.5BG,7,7,77,172,193
5BG,7,3,138,177,184
5BG,7,5,111,179,189
5BG,7,7,69,181,193
7.5BG,7,3,138,181,183
7.5BG,7,5,110,185,188
7.5BG,7,7,64,189,193
10BG,7,3,139,185,183
10BG,7,5,110,191,188
10BG,7,7,62,198,192
2.5B,7,3,141,187,182
2.5B,7,5,113,196,187
2.5B,7,7,69,206,190
5B,7,3,145,190,181
5B,7,5,118,201,185
5B,7,7,82,213,188
7.5B,7,3,149,192,180
7.5B,7,5,126,204,183
7.5B,7,7,96,218,186
10B,7,3,154,193,179
10B,7,5,136,207,181
10B,7,7,112,221,184
10B,7,9,76,236,186
2.5PB,7,3,159,194,177
2.5PB,7,5,146,208,179
2.5PB,7,7,129,223,180
2.5PB,7,9,107,239,182
5PB,7,3,164,194,176
5PB,7,5,154,208,177
5PB,7,7,143,224,177
5PB,7,9,128,240,178
7.5PB,7,3,170,194,174
7.5PB,7,5,165,209,174
7.5PB,7,7,160,224,173
7.5PB,7,9,155,240,172
10PB,7,3,174,193,173
10PB,7,5,174,208,172
10PB,7,7,173,222,170
10PB,7,9,173,237,167
10PB,7,11,173,250,164
2.5P,7,3,178,192,172
2.5P,7,5,181,205,169
2.5P,7,7,184,217,166
2.5P,7,9,188,231,163
2.5P,7,11,192,244,159
5P,7,3,182,190,171
5P,7,5,187,201,168
5P,7,7,193,213,164
5P,7,9,199,225,160
5P,7,11,205,236,155
5P,7,13,211,247,150
7.5P,7,3,187,186,170
7.5P,7,5,196,195,166
7.5P,7,7,204,204,161
7.5P,7,9,213,214,156
7.5P,7,11,222,223,150
7.5P,7,13,230,232,143
7.5P,7,15,239,241,136
7.5P,7,17,248,250,128
10P,7,3,190,183,169
10P,7,5,201,190,164
10P,7,7,212,197,159
10P,7,9,223,205,153
10P,7,11,232,212,147
10P,7,13,242,219,140
10P,7,15,251,227,131
10P,7,17,255,234,121
10P,7,19,255,242,110
10P,7,21,255,250,96
2.5RP,7,3,192,180,169
2.5RP,7,5,206,184,163
2.5RP,7,7,219,189,157
2.5RP,7,9,230,194,150
2.5RP,7,11,242,199,143
2.5RP,7,13,251,204,135
2.5RP,7,15,255,209,125
2.5RP,7,17,255,215,113
2.5RP,7,19,255,221,99
5RP,7,3,195,176,168
5RP,7,5,210,178,162
5RP,7,7,225,179,155
5RP,7,9,238,181,148
5RP,7,11,249,183,140
5RP,7,13,255,185,131
5RP,7,15,255,187,120
5RP,7,17,255,190,107
7.5RP,7,3,196,173,168
7.5RP,7,5,212,172,162
7.5RP,7,7,227,172,155
7.5RP,7,9,241,171,148
7.5RP,7,11,251,171,139
7.5RP,7,13,255,171,129
7.5RP,7,15,255,171,117
10RP,8,3,224,197,195
10RP,8,5,242,193,188
10RP,8,7,253,190,181
10RP,8,9,255,186,173
2.5R,8,3,225,194,195
2.5R,8,5,244,188,188
2.5R,8,7,254,182,181
2.5R,8,9,255,176,173
5R,8,3,226,191,195
5R,8,5,245,183,188
5R,8,7,254,174,181
5R,8,9,255,165,173
7.5R,8,3,228,188,194
7.5R,8,5,247,176,188
7.5R,8,7,255,164,181
7.5R,8,9,255,152,174
10R,8,3,228,184,195
10R,8,5,247,168,189
10R,8,7,255,153,182
10R,8,9,255,138,176
2.5YR,8,3,229,179,195
2.5YR,8,5,246,161,190
2.5YR,8,7,254,144,185
2.5YR,8,9,255,125,179
2.5YR,8,11,255,105,174
5YR,8,3,227,174,196
5YR,8,5,243,154,192
5YR,8,7,252,134,188
5YR,8,9,255,112,184
5YR,8,11,255,89,180
5YR,8,13,255,60,176
7.5YR,8,3,225,170,197
7.5YR,8,5,239,148,194
7.5YR,8,7,250,126,190
7.5YR,8,9,255,102,187
7.5YR,8,11,255,75,184
10YR,8,3,222,165,199
10YR,8,5,233,142,197
10YR,8,7,243,117,194
10YR,8,9,251,90,192
10YR,8,11,255,58,190
2.5Y,8,3,218,162,200
2.5Y,8,5,227,137,199
2.5Y,8,7,235,110,198
2.5Y,8,9,242,81,196
2.5Y,8,11,248,38,195
5Y,8,3,214,159,202
5Y,8,5,220,132,202
5Y,8,7,225,104,202
5Y,8,9,230,72,201
7.5Y,8,3,210,158,203
7.5Y,8,5,215,131,204
7.5Y,8,7,218,101,204
7.5Y,8,9,221,67,205
10Y,8,3,207,158,204
10Y,8,5,209,131,205
10Y,8,7,211,101,206
10Y,8,9,213,66,207
2.5GY,8,3,202,159,206
2.5GY,8,5,201,133,208
2.5GY,8,7,200,106,210
2.5GY,8,9,199,72,211
5GY,8,3,197,162,207
5GY,8,5,194,138,209
5GY,8,7,190,113,212
5GY,8,9,186,84,214
7.5GY,8,3,187,169,209
7.5GY,8,5,179,149,213
7.5GY,8,7,170,128,216
7.5GY,8,9,161,105,219
7.5GY,8,11,151,78,222
10GY,8,3,180,175,210
10GY,8,5,167,159,215
10GY,8,7,153,143,219
10GY,8,9,137,127,222
10GY,8,11,119,108,226
10GY,8,13,97,89,229
10GY,8,15,66,66,232
2.5G,8,3,174,183,211
2.5G,8,5,155,172,216
2.5G,8,7,134,161,221
2.5G,8,9,111,150,225
2.5G,8,11,75,139,229
5G,8,3,170,188,211
5G,8,5,147,181,217
5G,8,7,121,174,222
5G,8,9,87,168,226
7.5G,8,3,168,192,211
7.5G,8,5,143,187,217
7.5G,8,7,115,183,222
7.5G,8,9,73,179,226
10G,8,3,166,196,212
10G,8,5,140,193,217
10G,8,7,109,190,222
10G,8,9,56,188,226
2.5BG,8,3,164,199,212
2.5BG,8,5,138,198,217
2.5BG,8,7,104,197,221
5BG,8,3,164,203,211
5BG,8,5,136,204,216
5BG,8,7,98,206,221
7.5BG,8,3,164,207,211
7.5BG,8,5,134,211,216
7.5BG,8,7,93,216,221
10BG,8,3,165,211,210
10BG,8,5,134,217,215
10BG,8,7,92,224,220
2.5B,8,3,167,214,209
2.5B,8,5,136,223,214
2.5B,8,7,94,233,219
5B,8,3,171,217,208
5B,8,5,143,229,213
5B,8,7,104,242,217
7.5B,8,3,175,218,207
7.5B,8,5,150,232,211
7.5B,8,7,116,247,214
10B,8,3,180,220,205
10B,8,5,160,235,208
10B,8,7,133,249,211
2.5PB,8,3,186,221,204
2.5PB,8,5,170,237,206
5PB,8,3,191,221,203
5PB,8,5,179,238,204
7.5PB,8,3,196,221,201
7.5PB,8,5,191,237,201
10PB,8,3,201,219,200
10PB,8,5,200,235,198
10PB,8,7,199,249,196
2.5P,8,3,205,218,199
2.5P,8,5,207,233,196
2.5P,8,7,210,247,193
5P,8,3,208,216,198
5P,8,5,213,229,195
5P,8,7,219,242,191
5P,8,9,226,252,186
7.5P,8,3,213,212,197
7.5P,8,5,223,221,193
7.5P,8,7,232,231,187
7.5P,8,9,243,242,181
7.5P,8,11,251,251,175
10P,8,3,216,209,196
10P,8,5,228,217,191
10P,8,7,240,225,185
10P,8,9,251,232,179
10P,8,11,255,240,172
10P,8,13,255,248,164
2.5RP,8,3,218,206,196
2.5RP,8,5,233,211,190
2.5RP,8,7,248,215,183
2.5RP,8,9,255,220,176
2.5RP,8,11,255,225,168
2.5RP,8,13,255,231,159
5RP,8,3,221,203,196
5RP,8,5,237,204,189
5RP,8,7,250,205,182
5RP,8,9,255,207,174
5RP,8,11,255,209,165
7.5RP,8,3,223,200,195
7.5RP,8,5,240,198,188
7.5RP,8,7,252,198,181
7.5RP,8,9,255,197,173
7.5RP,8,11,255,197,164
10RP,9,3,248,224,222
10RP,9,5,255,219,215
2.5R,9,3,248,222,222
2.5R,9,5,255,214,214
5R,9,3,249,218,222
5R,9,5,255,208,214
7.5R,9,3,250,214,221
7.5R,9,5,255,200,214
10R,9,3,250,210,221
10R,9,5,255,193,215
2.5YR,9,3,251,204,222
2.5YR,9,5,255,184,216
5YR,9,3,251,198,223
5YR,9,5,255,177,219
7.5YR,9,3,250,194,224
7.5YR,9,5,255,170,221
7.5YR,9,7,255,147,218
10YR,9,3,249,189,226
10YR,9,5,255,164,224
10YR,9,7,255,139,222
2.5Y,9,3,246,185,228
2.5Y,9,5,253,159,227
2.5Y,9,7,255,132,225
2.5Y,9,9,255,104,224
2.5Y,9,11,255,71,223
5Y,9,3,241,183,230
5Y,9,5,248,155,230
5Y,9,7,253,126,230
5Y,9,9,255,96,229
5Y,9,11,255,54,229
7.5Y,9,3,238,182,231
7.5Y,9,5,242,154,232
7.5Y,9,7,246,124,232
7.5Y,9,9,249,92,232
7.5Y,9,11,252,44,233
10Y,9,3,234,182,232
10Y,9,5,237,154,233
10Y,9,7,239,124,234
10Y,9,9,241,91,235
2.5GY,9,3,230,183,233
2.5GY,9,5,229,155,236
2.5GY,9,7,228,126,237
2.5GY,9,9,227,94,239
2.5GY,9,11,226,45,240
5GY,9,3,225,185,234
5GY,9,5,222,159,237
5GY,9,7,218,132,240
5GY,9,9,214,102,243
5GY,9,11,210,64,245
7.5GY,9,3,214,192,237
7.5GY,9,5,205,170,241
7.5GY,9,7,196,147,244
7.5GY,9,9,187,123,248
7.5GY,9,11,177,97,251
7.5GY,9,13,166,63,253
10GY,9,3,206,200,238
10GY,9,5,191,181,243
10GY,9,7,176,164,248
10GY,9,9,160,146,252
10GY,9,11,143,128,254
10GY,9,13,122,109,255
10GY,9,15,95,87,255
10GY,9,17,48,58,255
2.5G,9,3,199,208,239
2.5G,9,5,178,195,245
2.5G,9,7,156,182,250
2.5G,9,9,131,171,253
2.5G,9,11,101,160,255
5G,9,3,195,214,240
5G,9,5,170,206,246
5G,9,7,141,198,251
5G,9,9,107,192,254
7.5G,9,3,192,219,240
7.5G,9,5,165,213,246
7.5G,9,7,133,207,251
7.5G,9,9,94,203,254
10G,9,3,190,222,240
10G,9,5,162,219,246
10G,9,7,127,215,251
10G,9,9,79,213,254
2.5BG,9,3,189,226,240
2.5BG,9,5,159,224,246
2.5BG,9,7,121,223,251
2.5BG,9,9,57,223,254
5BG,9,3,188,229,240
5BG,9,5,156,231,246
5BG,9,7,114,232,251
7.5BG,9,3,188,235,239
7.5BG,9,5,155,239,245
7.5BG,9,7,107,243,250
10BG,9,3,189,238,239
10BG,9,5,154,245,244
2.5B,9,3,191,242,238
5B,9,3,195,246,236
7.5B,9,3,200,247,235
10B,9,3,204,247,234
10PB,9,3,228,247,227
2.5P,9,3,232,247,226
5P,9,3,235,245,226
7.5P,9,3,242,240,224
7.5P,9,5,251,250,219
10P,9,3,244,237,224
10P,9,5,253,245,218
2.5RP,9,3,247,234,223
2.5RP,9,5,255,238,216
5RP,9,3,247,230,222
5RP,9,5,255,231,215
7.5RP,9,3,248,227,222
7.5RP,9,5,255,225,215
7.5BG,1,1,22,34,33
7.5BG,2,1,46,56,55
7.5BG,3,1,67,79,79
7.5BG,4,1,91,104,104
7.5BG,5,1,118,132,132
7.5BG,6,1,144,157,158
7.5BG,7,1,166,180,181
7.5BG,8,1,190,204,205
7.5BG,9,1,217,232,234
2.5R,1,1,39,32,28
2.5R,2,1,62,53,51
2.5R,3,1,86,75,74
2.5R,4,1,111,100,99
2.5R,5,1,137,127,127
2.5R,6,1,163,153,153
2.5R,7,1,186,176,176
2.5R,8,1,208,200,200
2.5R,9,1,237,229,229
7.5GY,1,1,28,27,32
7.5GY,2,1,50,49,55
7.5GY,3,1,73,71,79
7.5GY,4,1,98,94,104
7.5GY,5,1,125,121,131
7.5GY,6,1,151,145,158
7.5GY,7,1,173,168,180
7.5GY,8,1,197,190,204
7.5GY,9,1,225,217,233
2.5BG,1,1,24,32,33
2.5BG,2,1,46,54,55
2.5BG,3,1,68,77,79
2.5BG,4,1,92,102,104
2.5BG,5,1,119,129,132
2.5BG,6,1,144,155,158
2.5BG,7,1,166,177,181
2.5BG,8,1,189,201,205
2.5BG,9,1,217,229,234
10PB,1,1,32,38,30
10PB,2,1,54,60,52
10PB,3,1,78,85,76
10PB,4,1,102,109,101
10PB,5,1,129,136,128
10PB,6,1,155,161,155
10PB,7,1,178,183,177
10PB,8,1,202,207,201
10PB,9,1,230,235,230
5RP,1,1,38,35,28
5RP,2,1,61,56,51
5RP,3,1,85,78,74
5RP,4,1,110,103,99
5RP,5,1,136,130,127
5RP,6,1,162,156,153
5RP,7,1,184,178,176
5RP,8,1,207,202,200
5RP,9,1,236,231,229
7.5B,1,1,23,37,32
7.5B,2,1,46,59,55
7.5B,3,1,68,83,78
7.5B,4,1,94,108,103
7.5B,5,1,121,135,131
7.5B,6,1,147,161,157
7.5B,7,1,170,183,180
7.5B,8,1,194,207,203
7.5B,9,1,223,235,232
5YR,1,1,39,25,29
5YR,2,1,61,47,51
5YR,3,1,85,69,75
5YR,4,1,111,93,100
5YR,5,1,138,121,127
5YR,6,1,164,146,153
5YR,7,1,187,169,176
5YR,8,1,210,193,200
5YR,9,1,239,221,229
2.5GY,1,1,30,24,32
2.5GY,2,1,53,47,54
2.5GY,3,1,76,68,78
2.5GY,4,1,101,91,103
2.5GY,5,1,129,118,130
2.5GY,6,1,155,143,157
2.5GY,7,1,178,164,179
2.5GY,8,1,202,187,203
2.5GY,9,1,231,214,232
7.5PB,1,1,30,38,30
7.5PB,2,1,52,61,53
7.5PB,3,1,76,85,76
7.5PB,4,1,100,109,101
7.5PB,5,1,128,136,129
7.5PB,6,1,154,161,155
7.5PB,7,1,176,184,178
7.5PB,8,1,200,207,202
7.5PB,9,1,229,236,230
7.5G,1,1,25,30,33
7.5G,2,1,47,52,55
7.5G,3,1,69,75,79
7.5G,4,1,93,100,104
7.5G,5,1,120,127,132
7.5G,6,1,145,152,158
7.5G,7,1,167,175,181
7.5G,8,1,190,198,205
7.5G,9,1,218,227,234
5GY,1,1,29,26,32
5GY,2,1,52,48,55
5GY,3,1,75,69,78
5GY,4,1,100,92,103
5GY,5,1,127,119,131
5GY,6,1,153,144,157
5GY,7,1,176,165,180
5GY,8,1,200,188,204
5GY,9,1,229,215,232
10YR,1,1,37,22,30
10YR,2,1,59,45,52
10YR,3,1,83,68,76
10YR,4,1,109,91,101
10YR,5,1,136,118,128
10YR,6,1,162,144,154
10YR,7,1,185,166,177
10YR,8,1,209,189,201
10YR,9,1,238,217,229
10BG,1,1,22,35,33
10BG,2,1,45,57,55
10BG,3,1,67,81,79
10BG,4,1,92,105,104
10BG,5,1,119,133,132
10BG,6,1,144,158,158
10BG,7,1,167,181,181
10BG,8,1,190,205,205
10BG,9,1,218,233,234
5PB,1,1,28,38,31
5PB,2,1,50,60,53
5PB,3,1,73,85,77
5PB,4,1,99,109,102
5PB,5,1,126,136,129
5PB,6,1,152,161,155
5PB,7,1,175,184,178
5PB,8,1,199,207,202
5PB,9,1,227,236,231
2.5B,1,1,22,35,33
2.5B,2,1,45,57,55
2.5B,3,1,67,82,79
2.5B,4,1,92,106,104
2.5B,5,1,119,133,131
2.5B,6,1,145,159,158
2.5B,7,1,167,182,180
2.5B,8,1,191,206,204
2.5B,9,1,219,234,233
5Y,1,1,35,20,31
5Y,2,1,57,45,53
5Y,3,1,81,67,77
5Y,4,1,106,90,102
5Y,5,1,133,117,129
5Y,6,1,159,142,155
5Y,7,1,182,164,178
5Y,8,1,206,187,202
5Y,9,1,235,214,231
10B,1,1,24,38,32
10B,2,1,47,60,54
10B,3,1,70,84,78
10B,4,1,95,108,103
10B,5,1,123,135,130
10B,6,1,149,161,156
10B,7,1,172,183,179
10B,8,1,196,207,203
10B,9,1,224,236,232
2.5YR,1,1,39,27,28
2.5YR,2,1,61,48,51
2.5YR,3,1,86,70,74
2.5YR,4,1,111,95,99
2.5YR,5,1,138,122,127
2.5YR,6,1,165,148,153
2.5YR,7,1,187,171,176
2.5YR,8,1,210,195,200
2.5YR,9,1,239,223,228
10Y,1,1,32,23,32
10Y,2,1,54,46,54
10Y,3,1,78,67,78
10Y,4,1,102,91,103
10Y,5,1,131,117,130
10Y,6,1,157,142,156
10Y,7,1,180,164,179
10Y,8,1,204,186,203
10Y,9,1,232,214,231
10GY,1,1,27,28,32
10GY,2,1,49,50,55
10GY,3,1,72,72,79
10GY,4,1,96,96,104
10GY,5,1,123,123,132
10GY,6,1,148,148,158
10GY,7,1,171,170,181
10GY,8,1,194,192,205
10GY,9,1,222,220,234
5G,1,1,25,29,33
5G,2,1,48,52,55
5G,3,1,70,74,79
5G,4,1,94,99,104
5G,5,1,120,126,132
5G,6,1,146,151,158
5G,7,1,168,174,181
5G,8,1,191,197,205
5G,9,1,219,225,234
5B,1,1,22,36,32
5B,2,1,46,58,55
5B,3,1,68,82,79
5B,4,1,93,107,104
5B,5,1,120,134,131
5B,6,1,146,160,157
5B,7,1,169,183,180
5B,8,1,193,206,204
5B,9,1,221,235,233
10R,1,1,40,28,28
10R,2,1,62,50,51
10R,3,1,86,72,74
10R,4,1,111,96,99
10R,5,1,138,124,127
10R,6,1,164,150,153
10R,7,1,187,172,176
10R,8,1,210,197,200
10R,9,1,238,225,228
10P,1,1,36,36,28
10P,2,1,59,58,51
10P,3,1,83,81,74
10P,4,1,108,106,99
10P,5,1,134,132,127
10P,6,1,160,158,153
10P,7,1,183,180,176
10P,8,1,206,204,200
10P,9,1,234,232,229
5P,1,1,35,37,29
5P,2,1,57,59,52
5P,3,1,81,84,75
5P,4,1,105,108,100
5P,5,1,132,134,128
5P,6,1,158,160,154
5P,7,1,180,183,177
5P,8,1,203,206,201
5P,9,1,232,235,230
2.5P,1,1,34,38,29
2.5P,2,1,56,60,52
2.5P,3,1,79,84,75
2.5P,4,1,104,109,100
2.5P,5,1,131,135,128
2.5P,6,1,156,161,154
2.5P,7,1,179,183,177
2.5P,8,1,203,206,201
2.5P,9,1,231,235,230
10G,1,1,24,31,33
10G,2,1,47,53,55
10G,3,1,69,76,79
10G,4,1,93,101,104
10G,5,1,119,128,132
10G,6,1,145,154,158
10G,7,1,167,176,181
10G,8,1,190,200,205
10G,9,1,217,228,234
2.5RP,1,1,37,36,28
2.5RP,2,1,60,57,51
2.5RP,3,1,84,80,74
2.5RP,4,1,109,104,99
2.5RP,5,1,135,131,127
2.5RP,6,1,161,157,153
2.5RP,7,1,183,179,176
2.5RP,8,1,206,203,200
2.5RP,9,1,235,232,229
7.5RP,1,1,38,34,28
7.5RP,2,1,61,55,51
7.5RP,3,1,86,77,74
7.5RP,4,1,110,102,99
7.5RP,5,1,137,129,127
7.5RP,6,1,162,155,153
7.5RP,7,1,185,177,176
7.5RP,8,1,208,201,200
7.5RP,9,1,236,230,229
10RP,1,1,39,33,28
10RP,2,1,61,54,51
10RP,3,1,86,76,74
10RP,4,1,111,101,99
10RP,5,1,137,128,127
10RP,6,1,163,154,153
10RP,7,1,185,176,176
10RP,8,1,208,201,200
10RP,9,1,237,229,229
5R,1,1,39,30,28
5R,2,1,62,52,51
5R,3,1,87,74,74
5R,4,1,111,98,99
5R,5,1,138,126,127
5R,6,1,164,152,153
5R,7,1,186,175,176
5R,8,1,209,199,200
5R,9,1,238,227,229
5BG,1,1,23,33,33
5BG,2,1,46,55,55
5BG,3,1,68,78,79
5BG,4,1,92,103,104
5BG,5,1,119,130,132
5BG,6,1,144,156,158
5BG,7,1,166,178,181
5BG,8,1,189,202,205
5BG,9,1,217,230,234
7.5Y,1,1,33,21,31
7.5Y,2,1,56,45,54
7.5Y,3,1,79,67,77
7.5Y,4,1,105,90,102
7.5Y,5,1,132,117,130
7.5Y,6,1,158,142,156
7.5Y,7,1,181,164,178
7.5Y,8,1,205,187,202
7.5Y,9,1,234,214,231
7.5P,1,1,36,37,29
7.5P,2,1,58,59,51
7.5P,3,1,82,83,75
7.5P,4,1,107,107,100
7.5P,5,1,133,133,127
7.5P,6,1,159,159,153
7.5P,7,1,182,181,176
7.5P,8,1,205,205,200
7.5P,9,1,234,233,229
2.5PB,1,1,26,38,32
2.5PB,2,1,49,60,54
2.5PB,3,1,71,84,78
2.5PB,4,1,97,109,102
2.5PB,5,1,124,136,130
2.5PB,6,1,150,161,156
2.5PB,7,1,173,184,179
2.5PB,8,1,197,207,202
2.5PB,9,1,226,236,231
2.5Y,1,1,36,20,30
2.5Y,2,1,58,45,53
2.5Y,3,1,82,67,76
2.5Y,4,1,107,90,101
2.5Y,5,1,135,118,128
2.5Y,6,1,161,143,155
2.5Y,7,1,184,165,177
2.5Y,8,1,208,188,201
2.5Y,9,1,236,215,230
7.5R,1,1,40,29,28
7.5R,2,1,62,51,51
7.5R,3,1,87,73,74
7.5R,4,1,111,98,99
7.5R,5,1,138,125,127
7.5R,6,1,164,151,153
7.5R,7,1,187,174,176
7.5R,8,1,209,198,200
7.5R,9,1,238,226,228
7.5YR,1,1,38,23,29
7.5YR,2,1,60,46,52
7.5YR,3,1,85,68,75
7.5YR,4,1,110,92,100
7.5YR,5,1,137,120,127
7.5YR,6,1,164,145,154
7.5YR,7,1,186,168,176
7.5YR,8,1,210,191,200
7.5YR,9,1,239,219,229
2.5G,1,1,26,29,33
2.5G,2,1,48,51,55
2.5G,3,1,71,73,79
2.5G,4,1,95,98,104
2.5G,5,1,121,124,132
2.5G,6,1,147,150,158
2.5G,7,1,169,172,181
2.5G,8,1,192,195,205
2.5G,9,1,220,223,234
